-- phpMyAdmin SQL Dump
-- version 5.2.1
-- https://www.phpmyadmin.net/
--
-- Хост: localhost
-- Время создания: Июл 02 2026 г., 18:09
-- Версия сервера: 10.4.32-MariaDB
-- Версия PHP: 8.2.12

SET SQL_MODE = "NO_AUTO_VALUE_ON_ZERO";
START TRANSACTION;
SET time_zone = "+00:00";


/*!40101 SET @OLD_CHARACTER_SET_CLIENT=@@CHARACTER_SET_CLIENT */;
/*!40101 SET @OLD_CHARACTER_SET_RESULTS=@@CHARACTER_SET_RESULTS */;
/*!40101 SET @OLD_COLLATION_CONNECTION=@@COLLATION_CONNECTION */;
/*!40101 SET NAMES utf8mb4 */;

--
-- База данных: `db_military`
--

-- --------------------------------------------------------

--
-- Структура таблицы `cache`
--

CREATE TABLE `cache` (
  `key` varchar(255) NOT NULL,
  `value` mediumtext NOT NULL,
  `expiration` int(11) NOT NULL
) ENGINE=InnoDB DEFAULT CHARSET=utf8mb4 COLLATE=utf8mb4_unicode_ci;

-- --------------------------------------------------------

--
-- Структура таблицы `cache_locks`
--

CREATE TABLE `cache_locks` (
  `key` varchar(255) NOT NULL,
  `owner` varchar(255) NOT NULL,
  `expiration` int(11) NOT NULL
) ENGINE=InnoDB DEFAULT CHARSET=utf8mb4 COLLATE=utf8mb4_unicode_ci;

-- --------------------------------------------------------

--
-- Структура таблицы `chief_types`
--

CREATE TABLE `chief_types` (
  `id` bigint(20) UNSIGNED NOT NULL,
  `name` varchar(255) NOT NULL,
  `created_at` timestamp NULL DEFAULT NULL,
  `updated_at` timestamp NULL DEFAULT NULL
) ENGINE=InnoDB DEFAULT CHARSET=utf8mb4 COLLATE=utf8mb4_unicode_ci;

--
-- Дамп данных таблицы `chief_types`
--

INSERT INTO `chief_types` (`id`, `name`, `created_at`, `updated_at`) VALUES
(1, 'работник', '2026-06-30 09:00:50', '2026-06-30 09:00:50'),
(2, 'начальник отделения', '2026-06-30 09:00:50', '2026-06-30 09:00:50'),
(3, 'начальник отдела', '2026-06-30 09:00:50', '2026-06-30 09:00:50'),
(4, 'начальник комиссариата', '2026-06-30 09:00:50', '2026-06-30 09:00:50');

-- --------------------------------------------------------

--
-- Структура таблицы `children`
--

CREATE TABLE `children` (
  `id` bigint(20) UNSIGNED NOT NULL,
  `person_id` bigint(20) UNSIGNED NOT NULL,
  `имя` varchar(255) NOT NULL,
  `фамилия` varchar(255) NOT NULL,
  `отчество` varchar(255) DEFAULT NULL,
  `дата_рождения` date DEFAULT NULL,
  `пол` enum('мужской','женский') DEFAULT NULL,
  `created_at` timestamp NULL DEFAULT NULL,
  `updated_at` timestamp NULL DEFAULT NULL
) ENGINE=InnoDB DEFAULT CHARSET=utf8mb4 COLLATE=utf8mb4_unicode_ci;

-- --------------------------------------------------------

--
-- Структура таблицы `commissariats`
--

CREATE TABLE `commissariats` (
  `id` bigint(20) UNSIGNED NOT NULL,
  `name` varchar(255) NOT NULL,
  `longitude` int(11) DEFAULT NULL,
  `latitude` int(11) DEFAULT NULL,
  `created_at` timestamp NULL DEFAULT NULL,
  `updated_at` timestamp NULL DEFAULT NULL
) ENGINE=InnoDB DEFAULT CHARSET=utf8mb4 COLLATE=utf8mb4_unicode_ci;

--
-- Дамп данных таблицы `commissariats`
--

INSERT INTO `commissariats` (`id`, `name`, `longitude`, `latitude`, `created_at`, `updated_at`) VALUES
(1, 'Военный комиссариат г. Северодвинск', 29, 74, '2026-06-30 09:00:51', '2026-06-30 09:00:51'),
(2, 'Военный комиссариат г. Архангельск', 36, 73, '2026-06-30 09:00:51', '2026-06-30 09:00:51');

-- --------------------------------------------------------

--
-- Структура таблицы `commissariat_positions`
--

CREATE TABLE `commissariat_positions` (
  `id` bigint(20) UNSIGNED NOT NULL,
  `commissariat_id` bigint(20) UNSIGNED NOT NULL,
  `department_id` bigint(20) UNSIGNED DEFAULT NULL,
  `division_id` bigint(20) UNSIGNED DEFAULT NULL,
  `position_id` bigint(20) UNSIGNED NOT NULL,
  `rate_total` decimal(4,2) NOT NULL DEFAULT 1.00,
  `is_independent` tinyint(1) NOT NULL DEFAULT 0,
  `created_at` timestamp NULL DEFAULT NULL,
  `updated_at` timestamp NULL DEFAULT NULL
) ENGINE=InnoDB DEFAULT CHARSET=utf8mb4 COLLATE=utf8mb4_unicode_ci;

--
-- Дамп данных таблицы `commissariat_positions`
--

INSERT INTO `commissariat_positions` (`id`, `commissariat_id`, `department_id`, `division_id`, `position_id`, `rate_total`, `is_independent`, `created_at`, `updated_at`) VALUES
(1, 1, NULL, NULL, 1, 1.00, 0, '2026-06-30 09:00:51', '2026-06-30 09:00:51'),
(2, 1, 4, NULL, 2, 1.00, 0, '2026-06-30 09:00:51', '2026-06-30 09:00:51'),
(3, 1, 5, NULL, 3, 1.00, 0, '2026-06-30 09:00:51', '2026-06-30 09:00:51'),
(4, 1, 6, NULL, 4, 1.00, 0, '2026-06-30 09:00:51', '2026-06-30 09:00:51'),
(5, 1, 4, 9, 8, 1.00, 0, '2026-06-30 09:00:51', '2026-06-30 09:00:51'),
(6, 1, 4, 10, 9, 1.00, 0, '2026-06-30 09:00:51', '2026-06-30 09:00:51'),
(7, 1, 5, 11, 10, 1.00, 0, '2026-06-30 09:00:51', '2026-06-30 09:00:51'),
(8, 1, 5, 12, 11, 1.00, 0, '2026-06-30 09:00:51', '2026-06-30 09:00:51'),
(9, 1, 6, 13, 12, 1.00, 0, '2026-06-30 09:00:51', '2026-06-30 09:00:51'),
(10, 1, 6, 14, 13, 1.00, 0, '2026-06-30 09:00:51', '2026-06-30 09:00:51'),
(11, 1, NULL, 15, 14, 1.00, 1, '2026-06-30 09:00:51', '2026-06-30 09:00:51'),
(12, 1, NULL, 16, 15, 1.00, 1, '2026-06-30 09:00:51', '2026-06-30 09:00:51'),
(13, 1, NULL, NULL, 24, 1.00, 0, '2026-06-30 09:00:51', '2026-06-30 09:00:51'),
(14, 1, 4, NULL, 25, 1.00, 0, '2026-06-30 09:00:51', '2026-06-30 09:00:51'),
(15, 1, 4, 9, 26, 1.00, 0, '2026-06-30 09:00:51', '2026-06-30 09:00:51'),
(16, 1, 4, 10, 27, 1.00, 0, '2026-06-30 09:00:51', '2026-06-30 09:00:51'),
(17, 1, 5, NULL, 28, 1.00, 0, '2026-06-30 09:00:51', '2026-06-30 09:00:51'),
(18, 1, 5, 11, 29, 1.00, 0, '2026-06-30 09:00:51', '2026-06-30 09:00:51'),
(19, 1, 5, 12, 30, 1.00, 0, '2026-06-30 09:00:51', '2026-06-30 09:00:51'),
(20, 1, 6, NULL, 31, 1.00, 0, '2026-06-30 09:00:51', '2026-06-30 09:00:51'),
(21, 1, 6, 13, 32, 1.00, 0, '2026-06-30 09:00:51', '2026-06-30 09:00:51'),
(22, 1, 6, 14, 33, 1.00, 0, '2026-06-30 09:00:51', '2026-06-30 09:00:51'),
(23, 1, NULL, 15, 34, 1.00, 1, '2026-06-30 09:00:51', '2026-06-30 09:00:51'),
(24, 1, NULL, 16, 35, 1.00, 1, '2026-06-30 09:00:51', '2026-06-30 09:00:51'),
(25, 1, NULL, NULL, 36, 1.00, 0, '2026-06-30 09:00:51', '2026-06-30 09:00:51'),
(26, 1, 4, NULL, 37, 1.00, 0, '2026-06-30 09:00:51', '2026-06-30 09:00:51'),
(27, 1, 4, 9, 38, 1.00, 0, '2026-06-30 09:00:51', '2026-06-30 09:00:51'),
(28, 1, 4, 10, 39, 1.00, 0, '2026-06-30 09:00:51', '2026-06-30 09:00:51'),
(29, 1, 5, NULL, 40, 1.00, 0, '2026-06-30 09:00:51', '2026-06-30 09:00:51'),
(30, 1, 5, 11, 41, 1.00, 0, '2026-06-30 09:00:51', '2026-06-30 09:00:51'),
(31, 2, NULL, NULL, 1, 1.00, 0, '2026-06-30 09:00:51', '2026-06-30 09:00:51'),
(32, 2, 1, NULL, 2, 1.00, 0, '2026-06-30 09:00:51', '2026-06-30 09:00:51'),
(33, 2, 2, NULL, 3, 1.00, 0, '2026-06-30 09:00:51', '2026-06-30 09:00:51'),
(34, 2, 3, NULL, 4, 1.00, 0, '2026-06-30 09:00:51', '2026-06-30 09:00:51'),
(35, 2, 1, 1, 8, 1.00, 0, '2026-06-30 09:00:51', '2026-06-30 09:00:51'),
(36, 2, 1, 2, 9, 1.00, 0, '2026-06-30 09:00:51', '2026-06-30 09:00:51'),
(37, 2, 2, 3, 10, 1.00, 0, '2026-06-30 09:00:51', '2026-06-30 09:00:51'),
(38, 2, 2, 4, 11, 1.00, 0, '2026-06-30 09:00:51', '2026-06-30 09:00:51'),
(39, 2, 3, 5, 12, 1.00, 0, '2026-06-30 09:00:51', '2026-06-30 09:00:51'),
(40, 2, 3, 6, 13, 1.00, 0, '2026-06-30 09:00:51', '2026-06-30 09:00:51'),
(41, 2, NULL, 7, 14, 1.00, 1, '2026-06-30 09:00:51', '2026-06-30 09:00:51'),
(42, 2, NULL, 8, 15, 1.00, 1, '2026-06-30 09:00:51', '2026-06-30 09:00:51'),
(43, 2, NULL, NULL, 24, 1.00, 0, '2026-06-30 09:00:51', '2026-06-30 09:00:51'),
(44, 2, 1, NULL, 25, 1.00, 0, '2026-06-30 09:00:51', '2026-06-30 09:00:51'),
(45, 2, 1, 1, 26, 1.00, 0, '2026-06-30 09:00:51', '2026-06-30 09:00:51'),
(46, 2, 1, 2, 27, 1.00, 0, '2026-06-30 09:00:51', '2026-06-30 09:00:51'),
(47, 2, 2, NULL, 28, 1.00, 0, '2026-06-30 09:00:51', '2026-06-30 09:00:51'),
(48, 2, 2, 3, 29, 1.00, 0, '2026-06-30 09:00:51', '2026-06-30 09:00:51'),
(49, 2, 2, 4, 30, 1.00, 0, '2026-06-30 09:00:51', '2026-06-30 09:00:51'),
(50, 2, 3, NULL, 31, 1.00, 0, '2026-06-30 09:00:51', '2026-06-30 09:00:51'),
(51, 2, 3, 5, 32, 1.00, 0, '2026-06-30 09:00:51', '2026-06-30 09:00:51'),
(52, 2, 3, 6, 33, 1.00, 0, '2026-06-30 09:00:51', '2026-06-30 09:00:51'),
(53, 2, NULL, 7, 34, 1.00, 1, '2026-06-30 09:00:51', '2026-06-30 09:00:51'),
(54, 2, NULL, 8, 35, 1.00, 1, '2026-06-30 09:00:51', '2026-06-30 09:00:51'),
(55, 2, NULL, NULL, 36, 1.00, 0, '2026-06-30 09:00:51', '2026-06-30 09:00:51'),
(56, 2, 1, NULL, 37, 1.00, 0, '2026-06-30 09:00:51', '2026-06-30 09:00:51'),
(57, 2, 1, 1, 38, 1.00, 0, '2026-06-30 09:00:51', '2026-06-30 09:00:51'),
(58, 2, 1, 2, 39, 1.00, 0, '2026-06-30 09:00:51', '2026-06-30 09:00:51'),
(59, 2, 2, NULL, 40, 1.00, 0, '2026-06-30 09:00:51', '2026-06-30 09:00:51'),
(60, 2, 2, 3, 41, 1.00, 0, '2026-06-30 09:00:51', '2026-06-30 09:00:51');

-- --------------------------------------------------------

--
-- Структура таблицы `departments`
--

CREATE TABLE `departments` (
  `id` bigint(20) UNSIGNED NOT NULL,
  `name` varchar(255) NOT NULL,
  `commissariat_id` bigint(20) UNSIGNED NOT NULL,
  `created_at` timestamp NULL DEFAULT NULL,
  `updated_at` timestamp NULL DEFAULT NULL
) ENGINE=InnoDB DEFAULT CHARSET=utf8mb4 COLLATE=utf8mb4_unicode_ci;

--
-- Дамп данных таблицы `departments`
--

INSERT INTO `departments` (`id`, `name`, `commissariat_id`, `created_at`, `updated_at`) VALUES
(1, 'Отдел заготовки и призыва', 2, '2026-06-30 09:00:51', '2026-06-30 09:00:51'),
(2, 'Финансовый отдел', 2, '2026-06-30 09:00:51', '2026-06-30 09:00:51'),
(3, 'Отдел кадров и учёта', 2, '2026-06-30 09:00:51', '2026-06-30 09:00:51'),
(4, 'Отдел заготовки и призыва', 1, '2026-06-30 09:00:51', '2026-06-30 09:00:51'),
(5, 'Финансовый отдел', 1, '2026-06-30 09:00:51', '2026-06-30 09:00:51'),
(6, 'Отдел кадров и учёта', 1, '2026-06-30 09:00:51', '2026-06-30 09:00:51');

-- --------------------------------------------------------

--
-- Структура таблицы `divisions`
--

CREATE TABLE `divisions` (
  `id` bigint(20) UNSIGNED NOT NULL,
  `name` varchar(255) NOT NULL,
  `commissariat_id` bigint(20) UNSIGNED NOT NULL,
  `department_id` bigint(20) UNSIGNED DEFAULT NULL,
  `created_at` timestamp NULL DEFAULT NULL,
  `updated_at` timestamp NULL DEFAULT NULL
) ENGINE=InnoDB DEFAULT CHARSET=utf8mb4 COLLATE=utf8mb4_unicode_ci;

--
-- Дамп данных таблицы `divisions`
--

INSERT INTO `divisions` (`id`, `name`, `commissariat_id`, `department_id`, `created_at`, `updated_at`) VALUES
(1, 'Отделение призыва', 2, 1, '2026-06-30 09:00:51', '2026-06-30 09:00:51'),
(2, 'Отделение учёта призывников', 2, 1, '2026-06-30 09:00:51', '2026-06-30 09:00:51'),
(3, 'Отделение бухгалтерии', 2, 2, '2026-06-30 09:00:51', '2026-06-30 09:00:51'),
(4, 'Отделение финансового планирования', 2, 2, '2026-06-30 09:00:51', '2026-06-30 09:00:51'),
(5, 'Отделение кадров', 2, 3, '2026-06-30 09:00:51', '2026-06-30 09:00:51'),
(6, 'Отделение воинского учёта', 2, 3, '2026-06-30 09:00:51', '2026-06-30 09:00:51'),
(7, 'Отделение безопасности и режима', 2, NULL, '2026-06-30 09:00:51', '2026-06-30 09:00:51'),
(8, 'Отделение связи и ИТ', 2, NULL, '2026-06-30 09:00:51', '2026-06-30 09:00:51'),
(9, 'Отделение призыва', 1, 4, '2026-06-30 09:00:51', '2026-06-30 09:00:51'),
(10, 'Отделение учёта призывников', 1, 4, '2026-06-30 09:00:51', '2026-06-30 09:00:51'),
(11, 'Отделение бухгалтерии', 1, 5, '2026-06-30 09:00:51', '2026-06-30 09:00:51'),
(12, 'Отделение финансового планирования', 1, 5, '2026-06-30 09:00:51', '2026-06-30 09:00:51'),
(13, 'Отделение кадров', 1, 6, '2026-06-30 09:00:51', '2026-06-30 09:00:51'),
(14, 'Отделение воинского учёта', 1, 6, '2026-06-30 09:00:51', '2026-06-30 09:00:51'),
(15, 'Отделение безопасности и режима', 1, NULL, '2026-06-30 09:00:51', '2026-06-30 09:00:51'),
(16, 'Отделение связи и ИТ', 1, NULL, '2026-06-30 09:00:51', '2026-06-30 09:00:51');

-- --------------------------------------------------------

--
-- Структура таблицы `employees`
--

CREATE TABLE `employees` (
  `id` bigint(20) UNSIGNED NOT NULL,
  `user_id` bigint(20) UNSIGNED DEFAULT NULL,
  `person_id` bigint(20) UNSIGNED DEFAULT NULL,
  `created_at` timestamp NULL DEFAULT NULL,
  `updated_at` timestamp NULL DEFAULT NULL
) ENGINE=InnoDB DEFAULT CHARSET=utf8mb4 COLLATE=utf8mb4_unicode_ci;

--
-- Дамп данных таблицы `employees`
--

INSERT INTO `employees` (`id`, `user_id`, `person_id`, `created_at`, `updated_at`) VALUES
(1, 1, 1, '2026-06-30 09:00:50', '2026-06-30 09:00:50'),
(2, 2, 2, '2026-06-30 09:00:50', '2026-06-30 09:00:50'),
(3, 3, 3, '2026-06-30 09:00:50', '2026-06-30 09:00:50'),
(4, 4, 4, '2026-06-30 09:00:50', '2026-06-30 09:00:50'),
(5, 5, 5, '2026-06-30 09:00:50', '2026-06-30 09:00:50'),
(6, 6, 6, '2026-06-30 09:00:50', '2026-06-30 09:00:50'),
(7, 7, 7, '2026-06-30 09:00:50', '2026-06-30 09:00:50'),
(8, 8, 8, '2026-06-30 09:00:50', '2026-06-30 09:00:50'),
(9, 9, 9, '2026-06-30 09:00:50', '2026-06-30 09:00:50'),
(10, 10, 10, '2026-06-30 09:00:50', '2026-06-30 09:00:50'),
(11, 11, 11, '2026-06-30 09:00:50', '2026-06-30 09:00:50'),
(12, 12, 12, '2026-06-30 09:00:50', '2026-06-30 09:00:50'),
(13, 13, 13, '2026-06-30 09:00:50', '2026-06-30 09:00:50'),
(14, 14, 14, '2026-06-30 09:00:50', '2026-06-30 09:00:50'),
(15, 15, 15, '2026-06-30 09:00:50', '2026-06-30 09:00:50'),
(16, 16, 16, '2026-06-30 09:00:50', '2026-06-30 09:00:50'),
(17, 17, 17, '2026-06-30 09:00:50', '2026-06-30 09:00:50'),
(18, 18, 18, '2026-06-30 09:00:50', '2026-06-30 09:00:50'),
(19, 19, 19, '2026-06-30 09:00:50', '2026-06-30 09:00:50'),
(20, 20, 20, '2026-06-30 09:00:50', '2026-06-30 09:00:50'),
(21, 21, 21, '2026-06-30 09:00:50', '2026-06-30 09:00:50'),
(22, 22, 22, '2026-06-30 09:00:50', '2026-06-30 09:00:50'),
(23, 23, 23, '2026-06-30 09:00:50', '2026-06-30 09:00:50'),
(24, 24, 24, '2026-06-30 09:00:50', '2026-06-30 09:00:50'),
(25, 25, 25, '2026-06-30 09:00:50', '2026-06-30 09:00:50'),
(26, 26, 26, '2026-06-30 09:00:50', '2026-06-30 09:00:50'),
(27, 27, 27, '2026-06-30 09:00:50', '2026-06-30 09:00:50'),
(28, 28, 28, '2026-06-30 09:00:50', '2026-06-30 09:00:50'),
(29, 29, 29, '2026-06-30 09:00:50', '2026-06-30 09:00:50'),
(30, 30, 30, '2026-06-30 09:00:50', '2026-06-30 09:00:50'),
(31, 31, 31, '2026-06-30 09:00:50', '2026-06-30 09:00:50'),
(32, 32, 32, '2026-06-30 09:00:50', '2026-06-30 09:00:50'),
(33, 33, 33, '2026-06-30 09:00:50', '2026-06-30 09:00:50'),
(34, 34, 34, '2026-06-30 09:00:50', '2026-06-30 09:00:50'),
(35, 35, 35, '2026-06-30 09:00:50', '2026-06-30 09:00:50'),
(36, 36, 36, '2026-06-30 09:00:50', '2026-06-30 09:00:50'),
(37, 37, 37, '2026-06-30 09:00:50', '2026-06-30 09:00:50'),
(38, 38, 38, '2026-06-30 09:00:50', '2026-06-30 09:00:50'),
(39, 39, 39, '2026-06-30 09:00:50', '2026-06-30 09:00:50'),
(40, 40, 40, '2026-06-30 09:00:50', '2026-06-30 09:00:50'),
(41, 41, 41, '2026-06-30 09:00:50', '2026-06-30 09:00:50'),
(42, 42, 42, '2026-06-30 09:00:50', '2026-06-30 09:00:50'),
(43, 43, 43, '2026-06-30 09:00:50', '2026-06-30 09:00:50'),
(44, 44, 44, '2026-06-30 09:00:50', '2026-06-30 09:00:50'),
(45, 45, 45, '2026-06-30 09:00:50', '2026-06-30 09:00:50'),
(46, 46, 46, '2026-06-30 09:00:50', '2026-06-30 09:00:50'),
(47, 47, 47, '2026-06-30 09:00:50', '2026-06-30 09:00:50'),
(48, 48, 48, '2026-06-30 09:00:50', '2026-06-30 09:00:50'),
(49, 49, 49, '2026-06-30 09:00:50', '2026-06-30 09:00:50'),
(50, 50, 50, '2026-06-30 09:00:50', '2026-06-30 09:00:50'),
(51, 51, 51, '2026-06-30 09:00:50', '2026-06-30 09:00:50'),
(52, 52, 52, '2026-06-30 09:00:50', '2026-06-30 09:00:50'),
(53, 53, 53, '2026-06-30 09:00:50', '2026-06-30 09:00:50'),
(54, 54, 54, '2026-06-30 09:00:50', '2026-06-30 09:00:50'),
(55, 55, 55, '2026-06-30 09:00:50', '2026-06-30 09:00:50'),
(56, 56, 56, '2026-06-30 09:00:50', '2026-06-30 09:00:50'),
(57, 57, 57, '2026-06-30 09:00:50', '2026-06-30 09:00:50'),
(58, 58, 58, '2026-06-30 09:00:50', '2026-06-30 09:00:50'),
(59, 59, 59, '2026-06-30 09:00:50', '2026-06-30 09:00:50'),
(60, 60, 60, '2026-06-30 09:00:50', '2026-06-30 09:00:50');

-- --------------------------------------------------------

--
-- Структура таблицы `employee_positions`
--

CREATE TABLE `employee_positions` (
  `id` bigint(20) UNSIGNED NOT NULL,
  `employee_id` bigint(20) UNSIGNED NOT NULL,
  `commissariat_position_id` bigint(20) UNSIGNED NOT NULL,
  `rate` decimal(4,2) NOT NULL DEFAULT 1.00,
  `employee_position_status_id` bigint(20) UNSIGNED NOT NULL DEFAULT 1,
  `created_at` timestamp NULL DEFAULT NULL,
  `updated_at` timestamp NULL DEFAULT NULL
) ENGINE=InnoDB DEFAULT CHARSET=utf8mb4 COLLATE=utf8mb4_unicode_ci;

--
-- Дамп данных таблицы `employee_positions`
--

INSERT INTO `employee_positions` (`id`, `employee_id`, `commissariat_position_id`, `rate`, `employee_position_status_id`, `created_at`, `updated_at`) VALUES
(1, 29, 30, 1.00, 1, '2026-06-30 09:00:51', '2026-06-30 09:00:51'),
(2, 41, 17, 1.00, 1, '2026-06-30 09:00:51', '2026-06-30 09:00:51'),
(3, 44, 18, 1.00, 1, '2026-06-30 09:00:51', '2026-06-30 09:00:51'),
(4, 2, 19, 1.00, 1, '2026-06-30 09:00:51', '2026-06-30 09:00:51'),
(5, 12, 20, 1.00, 1, '2026-06-30 09:00:51', '2026-06-30 09:00:51'),
(6, 17, 21, 1.00, 1, '2026-06-30 09:00:51', '2026-06-30 09:00:51'),
(7, 13, 22, 1.00, 1, '2026-06-30 09:00:51', '2026-06-30 09:00:51'),
(8, 1, 23, 1.00, 1, '2026-06-30 09:00:51', '2026-06-30 09:00:51'),
(9, 34, 24, 1.00, 1, '2026-06-30 09:00:51', '2026-06-30 09:00:51'),
(10, 47, 25, 1.00, 1, '2026-06-30 09:00:51', '2026-06-30 09:00:51'),
(11, 23, 26, 1.00, 1, '2026-06-30 09:00:51', '2026-06-30 09:00:51'),
(12, 27, 27, 1.00, 1, '2026-06-30 09:00:51', '2026-06-30 09:00:51'),
(13, 50, 28, 1.00, 1, '2026-06-30 09:00:51', '2026-06-30 09:00:51'),
(14, 54, 29, 1.00, 1, '2026-06-30 09:00:51', '2026-06-30 09:00:51'),
(15, 22, 16, 1.00, 1, '2026-06-30 09:00:51', '2026-06-30 09:00:51'),
(16, 4, 15, 1.00, 1, '2026-06-30 09:00:51', '2026-06-30 09:00:51'),
(17, 21, 1, 1.00, 1, '2026-06-30 09:00:51', '2026-06-30 09:00:51'),
(18, 3, 2, 1.00, 1, '2026-06-30 09:00:51', '2026-06-30 09:00:51'),
(19, 14, 3, 1.00, 1, '2026-06-30 09:00:51', '2026-06-30 09:00:51'),
(20, 36, 4, 1.00, 1, '2026-06-30 09:00:51', '2026-06-30 09:00:51'),
(21, 22, 5, 1.00, 1, '2026-06-30 09:00:51', '2026-06-30 09:00:51'),
(22, 24, 6, 1.00, 1, '2026-06-30 09:00:51', '2026-06-30 09:00:51'),
(23, 40, 7, 1.00, 1, '2026-06-30 09:00:51', '2026-06-30 09:00:51'),
(24, 4, 8, 1.00, 1, '2026-06-30 09:00:51', '2026-06-30 09:00:51'),
(25, 23, 14, 1.00, 1, '2026-06-30 09:00:51', '2026-06-30 09:00:51'),
(26, 49, 13, 1.00, 1, '2026-06-30 09:00:51', '2026-06-30 09:00:51'),
(27, 23, 12, 1.00, 1, '2026-06-30 09:00:51', '2026-06-30 09:00:51'),
(28, 3, 11, 1.00, 1, '2026-06-30 09:00:51', '2026-06-30 09:00:51'),
(29, 46, 10, 1.00, 1, '2026-06-30 09:00:51', '2026-06-30 09:00:51'),
(30, 50, 9, 1.00, 1, '2026-06-30 09:00:51', '2026-06-30 09:00:51'),
(31, 1, 52, 1.00, 1, '2026-06-30 09:00:51', '2026-06-30 09:00:51'),
(32, 30, 51, 1.00, 1, '2026-06-30 09:00:51', '2026-06-30 09:00:51'),
(33, 54, 50, 1.00, 1, '2026-06-30 09:00:51', '2026-06-30 09:00:51'),
(34, 4, 49, 1.00, 1, '2026-06-30 09:00:51', '2026-06-30 09:00:51'),
(35, 15, 48, 1.00, 1, '2026-06-30 09:00:51', '2026-06-30 09:00:51'),
(36, 13, 47, 1.00, 1, '2026-06-30 09:00:51', '2026-06-30 09:00:51'),
(37, 57, 53, 1.00, 1, '2026-06-30 09:00:51', '2026-06-30 09:00:51'),
(38, 31, 54, 1.00, 1, '2026-06-30 09:00:51', '2026-06-30 09:00:51'),
(39, 30, 55, 1.00, 1, '2026-06-30 09:00:51', '2026-06-30 09:00:51'),
(40, 59, 56, 1.00, 1, '2026-06-30 09:00:51', '2026-06-30 09:00:51'),
(41, 14, 57, 1.00, 1, '2026-06-30 09:00:51', '2026-06-30 09:00:51'),
(42, 9, 58, 1.00, 1, '2026-06-30 09:00:51', '2026-06-30 09:00:51'),
(43, 19, 59, 1.00, 1, '2026-06-30 09:00:51', '2026-06-30 09:00:51'),
(44, 3, 60, 1.00, 1, '2026-06-30 09:00:51', '2026-06-30 09:00:51'),
(45, 31, 46, 1.00, 1, '2026-06-30 09:00:51', '2026-06-30 09:00:51'),
(46, 4, 45, 1.00, 1, '2026-06-30 09:00:51', '2026-06-30 09:00:51'),
(47, 46, 32, 1.00, 1, '2026-06-30 09:00:51', '2026-06-30 09:00:51'),
(48, 59, 33, 1.00, 1, '2026-06-30 09:00:51', '2026-06-30 09:00:51'),
(49, 30, 34, 1.00, 1, '2026-06-30 09:00:51', '2026-06-30 09:00:51'),
(50, 51, 35, 1.00, 1, '2026-06-30 09:00:51', '2026-06-30 09:00:51'),
(51, 15, 36, 1.00, 1, '2026-06-30 09:00:51', '2026-06-30 09:00:51'),
(52, 39, 37, 1.00, 1, '2026-06-30 09:00:51', '2026-06-30 09:00:51'),
(53, 10, 38, 1.00, 1, '2026-06-30 09:00:51', '2026-06-30 09:00:51'),
(54, 47, 39, 1.00, 1, '2026-06-30 09:00:51', '2026-06-30 09:00:51'),
(55, 8, 40, 1.00, 1, '2026-06-30 09:00:51', '2026-06-30 09:00:51'),
(56, 47, 41, 1.00, 1, '2026-06-30 09:00:51', '2026-06-30 09:00:51'),
(57, 18, 42, 1.00, 1, '2026-06-30 09:00:51', '2026-06-30 09:00:51'),
(58, 11, 43, 1.00, 1, '2026-06-30 09:00:51', '2026-06-30 09:00:51'),
(59, 38, 44, 1.00, 1, '2026-06-30 09:00:51', '2026-06-30 09:00:51'),
(60, 24, 31, 1.00, 1, '2026-06-30 09:00:51', '2026-06-30 09:00:51');

-- --------------------------------------------------------

--
-- Структура таблицы `employee_position_statuses`
--

CREATE TABLE `employee_position_statuses` (
  `id` bigint(20) UNSIGNED NOT NULL,
  `name` varchar(255) NOT NULL,
  `color` varchar(255) NOT NULL,
  `occupies_rate` tinyint(1) NOT NULL DEFAULT 1,
  `created_at` timestamp NULL DEFAULT NULL,
  `updated_at` timestamp NULL DEFAULT NULL
) ENGINE=InnoDB DEFAULT CHARSET=utf8mb4 COLLATE=utf8mb4_unicode_ci;

--
-- Дамп данных таблицы `employee_position_statuses`
--

INSERT INTO `employee_position_statuses` (`id`, `name`, `color`, `occupies_rate`, `created_at`, `updated_at`) VALUES
(1, 'работает', 'FFFFFF', 1, '2026-06-30 09:00:51', '2026-06-30 09:00:51'),
(2, 'отпуск', 'F64A46', 0, '2026-06-30 09:00:51', '2026-06-30 09:00:51'),
(3, 'декрет', 'F7943C', 0, '2026-06-30 09:00:51', '2026-06-30 09:00:51'),
(4, 'уволен', 'FF0000', 0, '2026-06-30 09:00:51', '2026-06-30 09:00:51');

-- --------------------------------------------------------

--
-- Структура таблицы `migrations`
--

CREATE TABLE `migrations` (
  `id` int(10) UNSIGNED NOT NULL,
  `migration` varchar(255) NOT NULL,
  `batch` int(11) NOT NULL
) ENGINE=InnoDB DEFAULT CHARSET=utf8mb4 COLLATE=utf8mb4_unicode_ci;

--
-- Дамп данных таблицы `migrations`
--

INSERT INTO `migrations` (`id`, `migration`, `batch`) VALUES
(1, '0001_01_01_000001_create_roles_table', 1),
(2, '0001_01_01_000100_create_users_table', 1),
(3, '0001_01_01_000101_create_cache_table', 1),
(4, '2026_01_16_091023_create_persons_table', 1),
(5, '2026_01_16_092500_create_employees_table', 1),
(6, '2026_01_19_100000_create_org_structure_tables', 1),
(7, '2026_04_05_115313_create_tasks_table', 1),
(8, '2026_04_27_160538_create_graphics_table', 1),
(9, '2026_06_30_000001_add_assignment_id_to_task_instances_table', 1);

-- --------------------------------------------------------

--
-- Структура таблицы `password_reset_tokens`
--

CREATE TABLE `password_reset_tokens` (
  `email` varchar(255) NOT NULL,
  `token` varchar(255) NOT NULL,
  `created_at` timestamp NULL DEFAULT NULL,
  `updated_at` timestamp NULL DEFAULT NULL
) ENGINE=InnoDB DEFAULT CHARSET=utf8mb4 COLLATE=utf8mb4_unicode_ci;

-- --------------------------------------------------------

--
-- Структура таблицы `persons`
--

CREATE TABLE `persons` (
  `id` bigint(20) UNSIGNED NOT NULL,
  `имя` varchar(255) NOT NULL,
  `фамилия` varchar(255) NOT NULL,
  `отчество` varchar(255) DEFAULT NULL,
  `участие_в_боевых_действиях` tinyint(1) NOT NULL DEFAULT 0,
  `дата_рождения` date DEFAULT NULL,
  `наличие_среднего_образования` tinyint(1) NOT NULL DEFAULT 0,
  `наличие_высшего_образования` tinyint(1) NOT NULL DEFAULT 0,
  `created_at` timestamp NULL DEFAULT NULL,
  `updated_at` timestamp NULL DEFAULT NULL
) ENGINE=InnoDB DEFAULT CHARSET=utf8mb4 COLLATE=utf8mb4_unicode_ci;

--
-- Дамп данных таблицы `persons`
--

INSERT INTO `persons` (`id`, `имя`, `фамилия`, `отчество`, `участие_в_боевых_действиях`, `дата_рождения`, `наличие_среднего_образования`, `наличие_высшего_образования`, `created_at`, `updated_at`) VALUES
(1, 'Иван', 'Иванов', 'Иванович', 0, NULL, 0, 0, '2026-06-30 09:00:50', '2026-06-30 09:00:50'),
(2, 'Иван', 'Димончик', 'Иванович', 0, NULL, 0, 0, '2026-06-30 09:00:50', '2026-06-30 09:00:50'),
(3, 'Иван', 'Дениска', 'Иванович', 0, NULL, 0, 0, '2026-06-30 09:00:50', '2026-06-30 09:00:50'),
(4, 'Александр', 'Смирнов', 'Александрович', 0, NULL, 0, 0, '2026-06-30 09:00:50', '2026-06-30 09:00:50'),
(5, 'Дмитрий', 'Кузнецов', 'Дмитриевич', 0, NULL, 0, 0, '2026-06-30 09:00:50', '2026-06-30 09:00:50'),
(6, 'Сергей', 'Попов', 'Сергеевич', 0, NULL, 0, 0, '2026-06-30 09:00:50', '2026-06-30 09:00:50'),
(7, 'Алексей', 'Соколов', 'Алексеевич', 0, NULL, 0, 0, '2026-06-30 09:00:50', '2026-06-30 09:00:50'),
(8, 'Андрей', 'Лебедев', 'Андреевич', 0, NULL, 0, 0, '2026-06-30 09:00:50', '2026-06-30 09:00:50'),
(9, 'Максим', 'Козлов', 'Максимович', 0, NULL, 0, 0, '2026-06-30 09:00:50', '2026-06-30 09:00:50'),
(10, 'Михаил', 'Новиков', 'Михайлович', 0, NULL, 0, 0, '2026-06-30 09:00:50', '2026-06-30 09:00:50'),
(11, 'Владимир', 'Морозов', 'Владимирович', 0, NULL, 0, 0, '2026-06-30 09:00:50', '2026-06-30 09:00:50'),
(12, 'Артём', 'Петров', 'Артёмович', 0, NULL, 0, 0, '2026-06-30 09:00:50', '2026-06-30 09:00:50'),
(13, 'Егор', 'Волков', 'Егорович', 0, NULL, 0, 0, '2026-06-30 09:00:50', '2026-06-30 09:00:50'),
(14, 'Игорь', 'Соловьёв', 'Игоревич', 0, NULL, 0, 0, '2026-06-30 09:00:50', '2026-06-30 09:00:50'),
(15, 'Олег', 'Васильев', 'Олегович', 0, NULL, 0, 0, '2026-06-30 09:00:50', '2026-06-30 09:00:50'),
(16, 'Роман', 'Зайцев', 'Романович', 0, NULL, 0, 0, '2026-06-30 09:00:50', '2026-06-30 09:00:50'),
(17, 'Павел', 'Павлов', 'Павлович', 0, NULL, 0, 0, '2026-06-30 09:00:50', '2026-06-30 09:00:50'),
(18, 'Антон', 'Семёнов', 'Антонович', 0, NULL, 0, 0, '2026-06-30 09:00:50', '2026-06-30 09:00:50'),
(19, 'Денис', 'Голубев', 'Денисович', 0, NULL, 0, 0, '2026-06-30 09:00:50', '2026-06-30 09:00:50'),
(20, 'Кирилл', 'Виноградов', 'Кириллович', 0, NULL, 0, 0, '2026-06-30 09:00:50', '2026-06-30 09:00:50'),
(21, 'Никита', 'Богданов', 'Никитич', 0, NULL, 0, 0, '2026-06-30 09:00:50', '2026-06-30 09:00:50'),
(22, 'Василий', 'Воробьёв', 'Васильевич', 0, NULL, 0, 0, '2026-06-30 09:00:50', '2026-06-30 09:00:50'),
(23, 'Константин', 'Фёдоров', 'Константинович', 0, NULL, 0, 0, '2026-06-30 09:00:50', '2026-06-30 09:00:50'),
(24, 'Тимофей', 'Михайлов', 'Александрович', 0, NULL, 0, 0, '2026-06-30 09:00:50', '2026-06-30 09:00:50'),
(25, 'Виктор', 'Беляев', 'Дмитриевич', 0, NULL, 0, 0, '2026-06-30 09:00:50', '2026-06-30 09:00:50'),
(26, 'Станислав', 'Тарасов', 'Сергеевич', 0, NULL, 0, 0, '2026-06-30 09:00:50', '2026-06-30 09:00:50'),
(27, 'Валерий', 'Белов', 'Алексеевич', 0, NULL, 0, 0, '2026-06-30 09:00:50', '2026-06-30 09:00:50'),
(28, 'Борис', 'Комаров', 'Андреевич', 0, NULL, 0, 0, '2026-06-30 09:00:50', '2026-06-30 09:00:50'),
(29, 'Григорий', 'Орлов', 'Максимович', 0, NULL, 0, 0, '2026-06-30 09:00:50', '2026-06-30 09:00:50'),
(30, 'Фёдор', 'Киселёв', 'Михайлович', 0, NULL, 0, 0, '2026-06-30 09:00:50', '2026-06-30 09:00:50'),
(31, 'Леонид', 'Макаров', 'Владимирович', 0, NULL, 0, 0, '2026-06-30 09:00:50', '2026-06-30 09:00:50'),
(32, 'Эдуард', 'Андреев', 'Артёмович', 0, NULL, 0, 0, '2026-06-30 09:00:50', '2026-06-30 09:00:50'),
(33, 'Юрий', 'Ковалёв', 'Егорович', 0, NULL, 0, 0, '2026-06-30 09:00:50', '2026-06-30 09:00:50'),
(34, 'Аркадий', 'Ильин', 'Игоревич', 0, NULL, 0, 0, '2026-06-30 09:00:50', '2026-06-30 09:00:50'),
(35, 'Вячеслав', 'Гусев', 'Олегович', 0, NULL, 0, 0, '2026-06-30 09:00:50', '2026-06-30 09:00:50'),
(36, 'Геннадий', 'Титов', 'Романович', 0, NULL, 0, 0, '2026-06-30 09:00:50', '2026-06-30 09:00:50'),
(37, 'Анатолий', 'Кузьмин', 'Павлович', 0, NULL, 0, 0, '2026-06-30 09:00:50', '2026-06-30 09:00:50'),
(38, 'Илья', 'Кудрявцев', 'Антонович', 0, NULL, 0, 0, '2026-06-30 09:00:50', '2026-06-30 09:00:50'),
(39, 'Александр', 'Баранов', 'Денисович', 0, NULL, 0, 0, '2026-06-30 09:00:50', '2026-06-30 09:00:50'),
(40, 'Дмитрий', 'Куликов', 'Кириллович', 0, NULL, 0, 0, '2026-06-30 09:00:50', '2026-06-30 09:00:50'),
(41, 'Сергей', 'Алексеев', 'Никитич', 0, NULL, 0, 0, '2026-06-30 09:00:50', '2026-06-30 09:00:50'),
(42, 'Алексей', 'Степанов', 'Васильевич', 0, NULL, 0, 0, '2026-06-30 09:00:50', '2026-06-30 09:00:50'),
(43, 'Андрей', 'Яковлев', 'Константинович', 0, NULL, 0, 0, '2026-06-30 09:00:50', '2026-06-30 09:00:50'),
(44, 'Максим', 'Сорокин', 'Александрович', 0, NULL, 0, 0, '2026-06-30 09:00:50', '2026-06-30 09:00:50'),
(45, 'Михаил', 'Сергеев', 'Дмитриевич', 0, NULL, 0, 0, '2026-06-30 09:00:50', '2026-06-30 09:00:50'),
(46, 'Владимир', 'Романов', 'Сергеевич', 0, NULL, 0, 0, '2026-06-30 09:00:50', '2026-06-30 09:00:50'),
(47, 'Артём', 'Захаров', 'Алексеевич', 0, NULL, 0, 0, '2026-06-30 09:00:50', '2026-06-30 09:00:50'),
(48, 'Егор', 'Борисов', 'Андреевич', 0, NULL, 0, 0, '2026-06-30 09:00:50', '2026-06-30 09:00:50'),
(49, 'Игорь', 'Королёв', 'Максимович', 0, NULL, 0, 0, '2026-06-30 09:00:50', '2026-06-30 09:00:50'),
(50, 'Олег', 'Герасимов', 'Михайлович', 0, NULL, 0, 0, '2026-06-30 09:00:50', '2026-06-30 09:00:50'),
(51, 'Роман', 'Пономарёв', 'Владимирович', 0, NULL, 0, 0, '2026-06-30 09:00:50', '2026-06-30 09:00:50'),
(52, 'Павел', 'Григорьев', 'Артёмович', 0, NULL, 0, 0, '2026-06-30 09:00:50', '2026-06-30 09:00:50'),
(53, 'Антон', 'Лазарев', 'Егорович', 0, NULL, 0, 0, '2026-06-30 09:00:50', '2026-06-30 09:00:50'),
(54, 'Денис', 'Медведев', 'Игоревич', 0, NULL, 0, 0, '2026-06-30 09:00:50', '2026-06-30 09:00:50'),
(55, 'Кирилл', 'Ершов', 'Олегович', 0, NULL, 0, 0, '2026-06-30 09:00:50', '2026-06-30 09:00:50'),
(56, 'Никита', 'Никитин', 'Романович', 0, NULL, 0, 0, '2026-06-30 09:00:50', '2026-06-30 09:00:50'),
(57, 'Василий', 'Соболев', 'Павлович', 0, NULL, 0, 0, '2026-06-30 09:00:50', '2026-06-30 09:00:50'),
(58, 'Константин', 'Рябов', 'Антонович', 0, NULL, 0, 0, '2026-06-30 09:00:50', '2026-06-30 09:00:50'),
(59, 'Тимофей', 'Поляков', 'Денисович', 0, NULL, 0, 0, '2026-06-30 09:00:50', '2026-06-30 09:00:50'),
(60, 'Виктор', 'Цветков', 'Кириллович', 0, NULL, 0, 0, '2026-06-30 09:00:50', '2026-06-30 09:00:50');

-- --------------------------------------------------------

--
-- Структура таблицы `positions`
--

CREATE TABLE `positions` (
  `id` bigint(20) UNSIGNED NOT NULL,
  `name` varchar(255) NOT NULL,
  `position_type_id` bigint(20) UNSIGNED DEFAULT NULL,
  `chief_type_id` bigint(20) UNSIGNED DEFAULT NULL,
  `created_at` timestamp NULL DEFAULT NULL,
  `updated_at` timestamp NULL DEFAULT NULL
) ENGINE=InnoDB DEFAULT CHARSET=utf8mb4 COLLATE=utf8mb4_unicode_ci;

--
-- Дамп данных таблицы `positions`
--

INSERT INTO `positions` (`id`, `name`, `position_type_id`, `chief_type_id`, `created_at`, `updated_at`) VALUES
(1, 'Начальник военкомата', 1, 4, '2026-06-30 09:00:50', '2026-06-30 09:00:50'),
(2, 'Начальник отдела ЗГТ', 1, 3, '2026-06-30 09:00:50', '2026-06-30 09:00:50'),
(3, 'Начальник финансового отдела', 4, 3, '2026-06-30 09:00:50', '2026-06-30 09:00:50'),
(4, 'Начальник отдела кадров', 3, 3, '2026-06-30 09:00:50', '2026-06-30 09:00:50'),
(5, 'Начальник юридического отдела', 5, 3, '2026-06-30 09:00:50', '2026-06-30 09:00:50'),
(6, 'Начальник отдела мобилизационной подготовки', 1, 3, '2026-06-30 09:00:50', '2026-06-30 09:00:50'),
(7, 'Начальник информационно-аналитического отдела', 6, 3, '2026-06-30 09:00:50', '2026-06-30 09:00:50'),
(8, 'Начальник строевого отделения', 1, 2, '2026-06-30 09:00:50', '2026-06-30 09:00:50'),
(9, 'Начальник отделения призыва', 2, 2, '2026-06-30 09:00:50', '2026-06-30 09:00:50'),
(10, 'Начальник отделения учёта военнообязанных', 2, 2, '2026-06-30 09:00:50', '2026-06-30 09:00:50'),
(11, 'Начальник отделения бронирования', 2, 2, '2026-06-30 09:00:50', '2026-06-30 09:00:50'),
(12, 'Начальник медицинского отделения (ВВЭК)', 11, 2, '2026-06-30 09:00:50', '2026-06-30 09:00:50'),
(13, 'Начальник архивного отделения', 8, 2, '2026-06-30 09:00:50', '2026-06-30 09:00:50'),
(14, 'Начальник отделения безопасности и режима', 12, 2, '2026-06-30 09:00:50', '2026-06-30 09:00:50'),
(15, 'Начальник отделения связи и ИТ', 7, 2, '2026-06-30 09:00:50', '2026-06-30 09:00:50'),
(16, 'Начальник отделения МТО', 9, 2, '2026-06-30 09:00:50', '2026-06-30 09:00:50'),
(17, 'Начальник отделения документооборота', 8, 2, '2026-06-30 09:00:50', '2026-06-30 09:00:50'),
(18, 'Начальник отделения военно-патриотического воспитания', 13, 2, '2026-06-30 09:00:50', '2026-06-30 09:00:50'),
(19, 'Начальник отделения по работе с личным составом', 3, 2, '2026-06-30 09:00:50', '2026-06-30 09:00:50'),
(20, 'Начальник отделения контроля и инспекции', 1, 2, '2026-06-30 09:00:50', '2026-06-30 09:00:50'),
(21, 'Начальник отделения спецучёта', 2, 2, '2026-06-30 09:00:50', '2026-06-30 09:00:50'),
(22, 'Начальник отделения оповещения и сбора', 2, 2, '2026-06-30 09:00:50', '2026-06-30 09:00:50'),
(23, 'Начальник транспортного отделения', 10, 2, '2026-06-30 09:00:50', '2026-06-30 09:00:50'),
(24, 'Инспектор по призыву', 2, 1, '2026-06-30 09:00:50', '2026-06-30 09:00:50'),
(25, 'Специалист по воинскому учёту', 2, 1, '2026-06-30 09:00:50', '2026-06-30 09:00:50'),
(26, 'Оператор базы данных призывников', 2, 1, '2026-06-30 09:00:50', '2026-06-30 09:00:50'),
(27, 'Менеджер по работе с призывниками', 2, 1, '2026-06-30 09:00:50', '2026-06-30 09:00:50'),
(28, 'Инспектор по бронированию', 2, 1, '2026-06-30 09:00:50', '2026-06-30 09:00:50'),
(29, 'Специалист по мобилизационной работе', 2, 1, '2026-06-30 09:00:50', '2026-06-30 09:00:50'),
(30, 'Инспектор по учёту военнообязанных', 2, 1, '2026-06-30 09:00:50', '2026-06-30 09:00:50'),
(31, 'Специалист по призывным комиссиям', 2, 1, '2026-06-30 09:00:50', '2026-06-30 09:00:50'),
(32, 'Инспектор отдела кадров', 3, 1, '2026-06-30 09:00:50', '2026-06-30 09:00:50'),
(33, 'Специалист по кадровому делопроизводству', 3, 1, '2026-06-30 09:00:50', '2026-06-30 09:00:50'),
(34, 'Менеджер по персоналу', 3, 1, '2026-06-30 09:00:50', '2026-06-30 09:00:50'),
(35, 'Специалист по воинскому учёту сотрудников', 3, 1, '2026-06-30 09:00:50', '2026-06-30 09:00:50'),
(36, 'Бухгалтер', 4, 1, '2026-06-30 09:00:50', '2026-06-30 09:00:50'),
(37, 'Экономист', 4, 1, '2026-06-30 09:00:50', '2026-06-30 09:00:50'),
(38, 'Специалист по финансовому планированию', 4, 1, '2026-06-30 09:00:50', '2026-06-30 09:00:50'),
(39, 'Кассир', 4, 1, '2026-06-30 09:00:50', '2026-06-30 09:00:50'),
(40, 'Юрисконсульт', 5, 1, '2026-06-30 09:00:50', '2026-06-30 09:00:50'),
(41, 'Специалист по правовому обеспечению', 5, 1, '2026-06-30 09:00:50', '2026-06-30 09:00:50'),
(42, 'Специалист по административной практике', 5, 1, '2026-06-30 09:00:50', '2026-06-30 09:00:50'),
(43, 'Системный администратор', 6, 1, '2026-06-30 09:00:50', '2026-06-30 09:00:50'),
(44, 'Специалист технической поддержки', 6, 1, '2026-06-30 09:00:50', '2026-06-30 09:00:50'),
(45, 'Специалист по защите информации', 6, 1, '2026-06-30 09:00:50', '2026-06-30 09:00:50'),
(46, 'Оператор связи', 7, 1, '2026-06-30 09:00:50', '2026-06-30 09:00:50'),
(47, 'Врач-терапевт ВВЭК', 11, 1, '2026-06-30 09:00:50', '2026-06-30 09:00:50'),
(48, 'Врач-хирург ВВЭК', 11, 1, '2026-06-30 09:00:50', '2026-06-30 09:00:50'),
(49, 'Врач-психиатр ВВЭК', 11, 1, '2026-06-30 09:00:50', '2026-06-30 09:00:50'),
(50, 'Медицинская сестра', 11, 1, '2026-06-30 09:00:50', '2026-06-30 09:00:50'),
(51, 'Делопроизводитель', 8, 1, '2026-06-30 09:00:50', '2026-06-30 09:00:50'),
(52, 'Секретарь', 8, 1, '2026-06-30 09:00:50', '2026-06-30 09:00:50'),
(53, 'Архивариус', 8, 1, '2026-06-30 09:00:50', '2026-06-30 09:00:50'),
(54, 'Специалист по документообороту', 8, 1, '2026-06-30 09:00:50', '2026-06-30 09:00:50'),
(55, 'Специалист по МТО', 9, 1, '2026-06-30 09:00:50', '2026-06-30 09:00:50'),
(56, 'Кладовщик', 9, 1, '2026-06-30 09:00:50', '2026-06-30 09:00:50'),
(57, 'Водитель', 10, 1, '2026-06-30 09:00:50', '2026-06-30 09:00:50'),
(58, 'Специалист по режиму и секретности', 12, 1, '2026-06-30 09:00:50', '2026-06-30 09:00:50'),
(59, 'Инспектор по безопасности', 12, 1, '2026-06-30 09:00:50', '2026-06-30 09:00:50'),
(60, 'Старший специалист', 14, 1, '2026-06-30 09:00:50', '2026-06-30 09:00:50');

-- --------------------------------------------------------

--
-- Структура таблицы `position_types`
--

CREATE TABLE `position_types` (
  `id` bigint(20) UNSIGNED NOT NULL,
  `name` varchar(255) NOT NULL,
  `created_at` timestamp NULL DEFAULT NULL,
  `updated_at` timestamp NULL DEFAULT NULL
) ENGINE=InnoDB DEFAULT CHARSET=utf8mb4 COLLATE=utf8mb4_unicode_ci;

--
-- Дамп данных таблицы `position_types`
--

INSERT INTO `position_types` (`id`, `name`, `created_at`, `updated_at`) VALUES
(1, 'Управленческие', '2026-06-30 09:00:50', '2026-06-30 09:00:50'),
(2, 'Операционные / Призывные', '2026-06-30 09:00:50', '2026-06-30 09:00:50'),
(3, 'Кадровая работа', '2026-06-30 09:00:50', '2026-06-30 09:00:50'),
(4, 'Финансово-экономические', '2026-06-30 09:00:50', '2026-06-30 09:00:50'),
(5, 'Юридические', '2026-06-30 09:00:50', '2026-06-30 09:00:50'),
(6, 'Информационные технологии', '2026-06-30 09:00:50', '2026-06-30 09:00:50'),
(7, 'Связь и коммуникации', '2026-06-30 09:00:50', '2026-06-30 09:00:50'),
(8, 'Документооборот и архив', '2026-06-30 09:00:50', '2026-06-30 09:00:50'),
(9, 'Материально-техническое обеспечение', '2026-06-30 09:00:50', '2026-06-30 09:00:50'),
(10, 'Транспорт и логистика', '2026-06-30 09:00:50', '2026-06-30 09:00:50'),
(11, 'Медицинские / ВВЭК', '2026-06-30 09:00:50', '2026-06-30 09:00:50'),
(12, 'Безопасность и режим', '2026-06-30 09:00:50', '2026-06-30 09:00:50'),
(13, 'Учебно-методические', '2026-06-30 09:00:50', '2026-06-30 09:00:50'),
(14, 'Общие / Вспомогательные', '2026-06-30 09:00:50', '2026-06-30 09:00:50');

-- --------------------------------------------------------

--
-- Структура таблицы `roles`
--

CREATE TABLE `roles` (
  `id` bigint(20) UNSIGNED NOT NULL,
  `name` varchar(255) NOT NULL,
  `description` varchar(255) DEFAULT NULL,
  `created_at` timestamp NULL DEFAULT NULL,
  `updated_at` timestamp NULL DEFAULT NULL
) ENGINE=InnoDB DEFAULT CHARSET=utf8mb4 COLLATE=utf8mb4_unicode_ci;

--
-- Дамп данных таблицы `roles`
--

INSERT INTO `roles` (`id`, `name`, `description`, `created_at`, `updated_at`) VALUES
(1, 'admin', 'Администратор', '2026-06-30 09:00:30', NULL),
(2, 'user', 'Пользователь', '2026-06-30 09:00:30', NULL);

-- --------------------------------------------------------

--
-- Структура таблицы `sessions`
--

CREATE TABLE `sessions` (
  `id` varchar(255) NOT NULL,
  `user_id` bigint(20) UNSIGNED DEFAULT NULL,
  `ip_address` varchar(45) DEFAULT NULL,
  `user_agent` text DEFAULT NULL,
  `payload` longtext NOT NULL,
  `last_activity` int(11) NOT NULL
) ENGINE=InnoDB DEFAULT CHARSET=utf8mb4 COLLATE=utf8mb4_unicode_ci;

--
-- Дамп данных таблицы `sessions`
--

INSERT INTO `sessions` (`id`, `user_id`, `ip_address`, `user_agent`, `payload`, `last_activity`) VALUES
('Xu9XTE34PUqS4ye2ScPfPGxyxXa914UtntUrHJIx', 1, '127.0.0.1', 'Mozilla/5.0 (X11; Linux x86_64) AppleWebKit/537.36 (KHTML, like Gecko) Chrome/149.0.0.0 Safari/537.36', 'YTo0OntzOjY6Il90b2tlbiI7czo0MDoiWnE3NXZld0N3cm9qVWwwemdiZWNVYmoxdWdqRXNzdzNHUW1QV1RjVSI7czo2OiJfZmxhc2giO2E6Mjp7czozOiJuZXciO2E6MDp7fXM6Mzoib2xkIjthOjA6e319czo5OiJfcHJldmlvdXMiO2E6Mjp7czozOiJ1cmwiO3M6Mjk6Imh0dHA6Ly8xMjcuMC4wLjE6ODAwMC9wcm9maWxlIjtzOjU6InJvdXRlIjtzOjEzOiJwcm9maWxlLmluZGV4Ijt9czo1MDoibG9naW5fd2ViXzU5YmEzNmFkZGMyYjJmOTQwMTU4MGYwMTRjN2Y1OGVhNGUzMDk4OWQiO2k6MTt9', 1782810786);

-- --------------------------------------------------------

--
-- Структура таблицы `subtasks`
--

CREATE TABLE `subtasks` (
  `id` bigint(20) UNSIGNED NOT NULL,
  `task_id` bigint(20) UNSIGNED NOT NULL,
  `title` varchar(255) NOT NULL,
  `min_time_minutes` int(10) UNSIGNED NOT NULL,
  `avg_time_minutes` int(10) UNSIGNED NOT NULL,
  `max_time_minutes` int(10) UNSIGNED NOT NULL,
  `created_at` timestamp NULL DEFAULT NULL,
  `updated_at` timestamp NULL DEFAULT NULL
) ENGINE=InnoDB DEFAULT CHARSET=utf8mb4 COLLATE=utf8mb4_unicode_ci;

--
-- Дамп данных таблицы `subtasks`
--

INSERT INTO `subtasks` (`id`, `task_id`, `title`, `min_time_minutes`, `avg_time_minutes`, `max_time_minutes`, `created_at`, `updated_at`) VALUES
(1, 1, '1', 10, 20, 30, '2026-06-30 09:01:36', '2026-06-30 09:01:36');

-- --------------------------------------------------------

--
-- Структура таблицы `tasks`
--

CREATE TABLE `tasks` (
  `id` bigint(20) UNSIGNED NOT NULL,
  `title` varchar(255) NOT NULL,
  `description` text DEFAULT NULL,
  `color` varchar(7) NOT NULL DEFAULT '#3788d8',
  `quota` int(10) UNSIGNED DEFAULT NULL,
  `employee_position_id` bigint(20) UNSIGNED DEFAULT NULL,
  `start_date` date NOT NULL,
  `end_date` date NOT NULL,
  `files` longtext CHARACTER SET utf8mb4 COLLATE utf8mb4_bin DEFAULT NULL CHECK (json_valid(`files`)),
  `created_at` timestamp NULL DEFAULT NULL,
  `updated_at` timestamp NULL DEFAULT NULL
) ENGINE=InnoDB DEFAULT CHARSET=utf8mb4 COLLATE=utf8mb4_unicode_ci;

--
-- Дамп данных таблицы `tasks`
--

INSERT INTO `tasks` (`id`, `title`, `description`, `color`, `quota`, `employee_position_id`, `start_date`, `end_date`, `files`, `created_at`, `updated_at`) VALUES
(1, 'task 1', NULL, '#3788d8', 100, 17, '2026-07-01', '2026-07-10', '[]', '2026-06-30 09:01:27', '2026-06-30 09:01:27');

-- --------------------------------------------------------

--
-- Структура таблицы `task_assignments`
--

CREATE TABLE `task_assignments` (
  `id` bigint(20) UNSIGNED NOT NULL,
  `task_id` bigint(20) UNSIGNED NOT NULL,
  `employee_id` bigint(20) UNSIGNED NOT NULL,
  `quota` int(10) UNSIGNED NOT NULL DEFAULT 0,
  `priority` int(10) UNSIGNED NOT NULL DEFAULT 1,
  `completed_count` int(10) UNSIGNED NOT NULL DEFAULT 0,
  `created_at` timestamp NULL DEFAULT NULL,
  `updated_at` timestamp NULL DEFAULT NULL
) ENGINE=InnoDB DEFAULT CHARSET=utf8mb4 COLLATE=utf8mb4_unicode_ci;

--
-- Дамп данных таблицы `task_assignments`
--

INSERT INTO `task_assignments` (`id`, `task_id`, `employee_id`, `quota`, `priority`, `completed_count`, `created_at`, `updated_at`) VALUES
(1, 1, 29, 50, 1, 0, '2026-06-30 09:01:44', '2026-06-30 09:01:44');

-- --------------------------------------------------------

--
-- Структура таблицы `task_instances`
--

CREATE TABLE `task_instances` (
  `id` bigint(20) UNSIGNED NOT NULL,
  `task_id` bigint(20) UNSIGNED NOT NULL,
  `assignment_id` bigint(20) UNSIGNED DEFAULT NULL,
  `date` date NOT NULL,
  `daily_quota` int(10) UNSIGNED NOT NULL DEFAULT 0,
  `created_at` timestamp NULL DEFAULT NULL,
  `updated_at` timestamp NULL DEFAULT NULL
) ENGINE=InnoDB DEFAULT CHARSET=utf8mb4 COLLATE=utf8mb4_unicode_ci;

--
-- Дамп данных таблицы `task_instances`
--

INSERT INTO `task_instances` (`id`, `task_id`, `assignment_id`, `date`, `daily_quota`, `created_at`, `updated_at`) VALUES
(1, 1, 1, '2026-07-01', 25, '2026-06-30 09:02:10', '2026-06-30 09:02:10'),
(2, 1, 1, '2026-07-02', 25, '2026-06-30 09:02:10', '2026-06-30 09:02:10'),
(3, 1, 1, '2026-07-03', 5, '2026-06-30 09:02:10', '2026-06-30 09:02:10');

-- --------------------------------------------------------

--
-- Структура таблицы `users`
--

CREATE TABLE `users` (
  `id` bigint(20) UNSIGNED NOT NULL,
  `login` varchar(255) NOT NULL,
  `password_hash` varchar(255) NOT NULL,
  `role_id` bigint(20) UNSIGNED DEFAULT NULL,
  `remember_token` varchar(100) DEFAULT NULL,
  `created_at` timestamp NULL DEFAULT NULL,
  `updated_at` timestamp NULL DEFAULT NULL
) ENGINE=InnoDB DEFAULT CHARSET=utf8mb4 COLLATE=utf8mb4_unicode_ci;

--
-- Дамп данных таблицы `users`
--

INSERT INTO `users` (`id`, `login`, `password_hash`, `role_id`, `remember_token`, `created_at`, `updated_at`) VALUES
(1, 'admin', '$2y$12$kPMDgDB3uFxDUeCM9vBbEesQ4Mp8JKziAaBq4HLT4uK5aHaNoNcJ6', 1, NULL, '2026-06-30 09:00:31', NULL),
(2, 'ivan', '$2y$12$5NohfCdOIhVc.yGg1U0RsuRsyWq1BaYVFPRVdNuKi44KB2ymzDaIW', 1, NULL, '2026-06-30 09:00:31', NULL),
(3, 'oleg', '$2y$12$6coSWcORGzR5tRqcBirFkuNsr00B6X6dEIHoLpk9Nyw9.dDvhrltK', 1, NULL, '2026-06-30 09:00:31', NULL),
(4, 'user1', '$2y$12$QcSwZ0NCqzptCEgeIvckCekFW6Vw6WAt3B0FZYyaIV.ua8z0lQg9u', 2, NULL, '2026-06-30 09:00:32', NULL),
(5, 'user2', '$2y$12$/7G9PLfTTA2kaBtbsVOrquyB0FKL7.JHuiqG04x6g.NISAJbm.bC.', 2, NULL, '2026-06-30 09:00:32', NULL),
(6, 'user3', '$2y$12$uACFU3rlAGnfClI1eEzU/uQ4zqN9peSHJ.PyRLJ8rXS0.nY5Tbc.C', 2, NULL, '2026-06-30 09:00:32', NULL),
(7, 'user4', '$2y$12$RyUHWMKqHbF6xN7DYiunWe4Ucw3.vZyfap2CgHP6O8h7ly5fq/Rwm', 2, NULL, '2026-06-30 09:00:33', NULL),
(8, 'user5', '$2y$12$IhnitzIB9gXVUn4LM5/7c.BcoEWdDiu3jldmxpy7upuiEDgENUwhS', 2, NULL, '2026-06-30 09:00:33', NULL),
(9, 'user6', '$2y$12$E8UNVfQIq.LEEJdPFxEc0ubEE9GfzDRrJXLNUbRfU7yMpAyXr59rm', 2, NULL, '2026-06-30 09:00:33', NULL),
(10, 'user7', '$2y$12$1pGf2PkGYe3HKrFHQSlJLe3yu2RABnVWItbz3HkOs1zNNPgedWXHK', 2, NULL, '2026-06-30 09:00:34', NULL),
(11, 'user8', '$2y$12$NZcfUikh/HdD7V9neDCBJ.0y/LPrSG2D5qPpoNb.JOExVP4Py6uC.', 2, NULL, '2026-06-30 09:00:34', NULL),
(12, 'user9', '$2y$12$H027x.SSKdQAvzkRPl8DfuoXEoEW5O8D2XEZT4lyEFxj10uv9dz.K', 2, NULL, '2026-06-30 09:00:34', NULL),
(13, 'user10', '$2y$12$lciR5HwjrIF2.N2US0ma2.4K0E/LnOX5/hsiyK.P4MfYuqnBehLSG', 2, NULL, '2026-06-30 09:00:35', NULL),
(14, 'user11', '$2y$12$FpMUDHln.CZMUqJF1iw1xOxa3S0ISFidFsrqMfuxu0V6hHo4GWiyu', 2, NULL, '2026-06-30 09:00:35', NULL),
(15, 'user12', '$2y$12$pKAFGf.C5xVj3dSvkJovDeI29GmB0hjO9EqIEZv/aNJqM59fumTom', 2, NULL, '2026-06-30 09:00:35', NULL),
(16, 'user13', '$2y$12$Pz8xPBmXlm9YUwKw7Q2ihOCf0BAZjxizyk6Di2I/4DvS8jf5TwNEW', 2, NULL, '2026-06-30 09:00:36', NULL),
(17, 'user14', '$2y$12$vnBdI4BFdyJXqYFID3wct.Fk7gwCvxQOrPkrckjUP2.G1ax864xq.', 2, NULL, '2026-06-30 09:00:36', NULL),
(18, 'user15', '$2y$12$l47K48QwF04cNzCgCD5ggudNy64rq5W63updoL0iM5Db8ktUuVCNC', 2, NULL, '2026-06-30 09:00:36', NULL),
(19, 'user16', '$2y$12$A8i.hwgdFwCynw2YUpxvEO/pBBQ/8xgRG9sd98LIpUF0.FjRO50uy', 2, NULL, '2026-06-30 09:00:37', NULL),
(20, 'user17', '$2y$12$Cxm5qYaofP.B.BG6r1.TAeNNjVHlngLjIB6x1sg82Ot.0jeVBmQvy', 2, NULL, '2026-06-30 09:00:37', NULL),
(21, 'user18', '$2y$12$Xjl5vJwd1iIidquiSjLUvu3vGZ9iY47O2JkpTK4P3rLqIyGuZrGba', 2, NULL, '2026-06-30 09:00:37', NULL),
(22, 'user19', '$2y$12$GNhgy0USzp6SPISL617Gd.mm0r0fv4kDI11mS48AV5QVFWkDv4TuG', 2, NULL, '2026-06-30 09:00:38', NULL),
(23, 'user20', '$2y$12$Sbewd7Opg.XIbp6SGgqP1euJQWIaap1y6iidWM0a47hKWJuOPWWUq', 2, NULL, '2026-06-30 09:00:38', NULL),
(24, 'user21', '$2y$12$fVKhOh2BD6vQrHVlvBfuPuScz6XPIMLx4o6NnajvnhSkcr8HpXNne', 2, NULL, '2026-06-30 09:00:38', NULL),
(25, 'user22', '$2y$12$L8tQFA5qWwDPvROwzBTm9uSzouijvVV2cy8RptONf.1holEDaMhdK', 2, NULL, '2026-06-30 09:00:39', NULL),
(26, 'user23', '$2y$12$jHeRZ5hlLYetuPo83FFCROjvuZlVDSuUcXFuQs9wpwIGs3Q1Fpq3i', 2, NULL, '2026-06-30 09:00:39', NULL),
(27, 'user24', '$2y$12$bWrNBHziLnCDA2CAet9lj.n7NUrCYHdGKZkyl42aKd5RaTOZhqiE6', 2, NULL, '2026-06-30 09:00:39', NULL),
(28, 'user25', '$2y$12$hx4eE48xGZIkdv553kRQcOYDWaXNsJg2b.WUiwuPmq9GqrZcMT1pO', 2, NULL, '2026-06-30 09:00:40', NULL),
(29, 'user26', '$2y$12$dgHIlz/EyB/t.4nLQPReYORUlJirrx72./bu9ta8ilZ/TIO1NVBb6', 2, NULL, '2026-06-30 09:00:40', '2026-06-30 09:03:13'),
(30, 'user27', '$2y$12$ODcPfsZpHMbwv0FwbbWB4ulk62BP3XFx/0mKMuWgN97kIR193DPKi', 2, NULL, '2026-06-30 09:00:40', NULL),
(31, 'user28', '$2y$12$LYsEP9WjEy8KSdlNbEAJR.h.f95mIcLofUA4dRl2vBSeIH4WGMVhG', 2, NULL, '2026-06-30 09:00:41', NULL),
(32, 'user29', '$2y$12$jjyNaRHziaz7A2M3lsiT2eCAdbHDqnTCpWr1yqJHqMIfsce5MmJnC', 2, NULL, '2026-06-30 09:00:41', NULL),
(33, 'user30', '$2y$12$qsNgVt0LDiB4HlHYLUsP9eqV44eQmIrFXSuhNMGAoY.45/NtuyTLy', 2, NULL, '2026-06-30 09:00:41', NULL),
(34, 'user31', '$2y$12$RNCqjS.UDAUZFa5meB8pEODIXGlAWx/xrZZ36m/JIH0W8rFA.ceDi', 2, NULL, '2026-06-30 09:00:41', NULL),
(35, 'user32', '$2y$12$26csDHoUdnWtmEsyhE46We08GPK6YlITVnm73/UIYnSxAZheWs0RS', 2, NULL, '2026-06-30 09:00:42', NULL),
(36, 'user33', '$2y$12$pAE6cjgl8OdGWLf4OAsNlOaq6h8gJRLDD.rPF0Eiz4HGT3Ywh0Re6', 2, NULL, '2026-06-30 09:00:42', NULL),
(37, 'user34', '$2y$12$hhRm6fqW0OiIL.FIAiUqAuUK9nNpO/20oMqZ093OHGqZ1tyw2hHU2', 2, NULL, '2026-06-30 09:00:42', NULL),
(38, 'user35', '$2y$12$u9oT0BVWq.2AUS.M4PYwyuogJx45doBJ5bt0J2A9KeYv8kxVLZkKi', 2, NULL, '2026-06-30 09:00:43', NULL),
(39, 'user36', '$2y$12$9NikFZfDlgonRifkZoCmu.c4pCCiqPH747cij4EH3K0axjJgvx2xq', 2, NULL, '2026-06-30 09:00:43', NULL),
(40, 'user37', '$2y$12$7v9gqA7HKvlA6mretvQSZud561bX6BJpdP/p1Ly98ESBu.u26rPhG', 2, NULL, '2026-06-30 09:00:43', NULL),
(41, 'user38', '$2y$12$oGYaNcXMmfs9Tk8PW/c8..M3STeZ0dyEAVtrGR6e8lkVVc2Eg/J3.', 2, NULL, '2026-06-30 09:00:44', NULL),
(42, 'user39', '$2y$12$SpVD2qJwqD1BtxVuI7vW6uumaRZn6iXPkaGvcHnwjV/tzjZ3bk/tq', 2, NULL, '2026-06-30 09:00:44', NULL),
(43, 'user40', '$2y$12$9J3MVUyXoRILrsfJvy/kruG3kS7vhzg0p/bATZH2cHXo.7Q5RTv4.', 2, NULL, '2026-06-30 09:00:44', NULL),
(44, 'user41', '$2y$12$BlTIvULTwe1lWfTjoqJYveiEIj05CFBHJPEimnJ1XJD/4BzZdiIvq', 2, NULL, '2026-06-30 09:00:45', NULL),
(45, 'user42', '$2y$12$mVIYiMSqZMMIM4g2cP4NNOvkIkkfCFhytVmEQDY1kbR8USh9wSGOK', 2, NULL, '2026-06-30 09:00:45', NULL),
(46, 'user43', '$2y$12$JzSEqWfZ3XYG0Pg7arDFeORW7e86PZptnpqBtdfiuI2NItG9ZGxFK', 2, NULL, '2026-06-30 09:00:45', NULL),
(47, 'user44', '$2y$12$uvG1NKCZk1G/rQNrdh0BEueLXKxbXB7zJvhn5BaONP8.26XS14IV2', 2, NULL, '2026-06-30 09:00:46', NULL),
(48, 'user45', '$2y$12$rmGZJyJVPfFXny2OrVBPGexPSvXqTWeAd.0Zuwv18SfeVbLTtoAlm', 2, NULL, '2026-06-30 09:00:46', NULL),
(49, 'user46', '$2y$12$h4z0/IkV7.mERupk/.v1f.e/Z6Di29RfQIdRXAtpDWu7ebjUHaZqK', 2, NULL, '2026-06-30 09:00:46', NULL),
(50, 'user47', '$2y$12$lvJFrovEwTeUJyobGV17zeX38u3BjYmuHnZlQw52S9Iu40fp1pneq', 2, NULL, '2026-06-30 09:00:47', NULL),
(51, 'user48', '$2y$12$XkZcmgws3HFwqYn.X34od.SItm507gwjr3sAesgW6mU3CeFfYFY5m', 2, NULL, '2026-06-30 09:00:47', NULL),
(52, 'user49', '$2y$12$FqUKriNk/8wzT.Rh8D/v0OtIwe/xzqCuEka2G4lepO0pOgsyK9.Ka', 2, NULL, '2026-06-30 09:00:47', NULL),
(53, 'user50', '$2y$12$oN0txRGLhPIYxAwn7jfUsOsKXM315MN1NLJyB4FMxIfSUF41EvOye', 2, NULL, '2026-06-30 09:00:48', NULL),
(54, 'user51', '$2y$12$kyVVBwfhZArD9TqJcdj1weCE2rEYA0Qj6JHhTYK27sp/ydo4YhtnC', 2, NULL, '2026-06-30 09:00:48', NULL),
(55, 'user52', '$2y$12$uEZmaU1BvxBzW9kudwuTSO1JeCxDIu88ISUskdntgYH9bvgkXya2G', 2, NULL, '2026-06-30 09:00:48', NULL),
(56, 'user53', '$2y$12$PF6ZjUp6hkOrX4OZsxTP4exu9srW.7mM.k67SdaWWaHuWekLSLTsq', 2, NULL, '2026-06-30 09:00:49', NULL),
(57, 'user54', '$2y$12$bAYm1K63Y8GoFNbHUvgTUObOWsjktcvswJubg6/Xfoiqt1CA917y6', 2, NULL, '2026-06-30 09:00:49', NULL),
(58, 'user55', '$2y$12$nuelhJFLQLmclL1ZRh/YH.0r38T9s0xczSz13W62dZ5fYbjIHYqxG', 2, NULL, '2026-06-30 09:00:49', NULL),
(59, 'user56', '$2y$12$EshW7GgRZZ4vtDwG1Mf7veJ2JV47rMvND/4Vs.JvzFFgFHmOokgTG', 2, NULL, '2026-06-30 09:00:50', NULL),
(60, 'user57', '$2y$12$vdwZicz7X6lFlqZDHQM.x.UeXCBLd6VR8Hlvt87AY2fNyOKRtpCGC', 2, NULL, '2026-06-30 09:00:50', NULL);

-- --------------------------------------------------------

--
-- Структура таблицы `work_days`
--

CREATE TABLE `work_days` (
  `id` bigint(20) UNSIGNED NOT NULL,
  `employee_id` bigint(20) UNSIGNED NOT NULL,
  `date` date NOT NULL,
  `work_start` time DEFAULT NULL,
  `work_end` time DEFAULT NULL,
  `breaks` longtext CHARACTER SET utf8mb4 COLLATE utf8mb4_bin DEFAULT NULL CHECK (json_valid(`breaks`)),
  `weekly_hours` int(10) UNSIGNED DEFAULT NULL,
  `daily_hours_target` int(10) UNSIGNED DEFAULT NULL,
  `type` enum('рабочий_день','выходной') NOT NULL DEFAULT 'рабочий_день',
  `created_at` timestamp NULL DEFAULT NULL,
  `updated_at` timestamp NULL DEFAULT NULL
) ENGINE=InnoDB DEFAULT CHARSET=utf8mb4 COLLATE=utf8mb4_unicode_ci;

--
-- Дамп данных таблицы `work_days`
--

INSERT INTO `work_days` (`id`, `employee_id`, `date`, `work_start`, `work_end`, `breaks`, `weekly_hours`, `daily_hours_target`, `type`, `created_at`, `updated_at`) VALUES
(1, 29, '2026-01-01', '09:00:00', '18:00:00', NULL, 54, NULL, 'рабочий_день', '2026-06-30 09:02:09', '2026-06-30 09:02:09'),
(2, 29, '2026-01-02', '09:00:00', '18:00:00', NULL, 54, NULL, 'рабочий_день', '2026-06-30 09:02:09', '2026-06-30 09:02:09'),
(3, 29, '2026-01-03', '09:00:00', '18:00:00', NULL, 54, NULL, 'рабочий_день', '2026-06-30 09:02:09', '2026-06-30 09:02:09'),
(4, 29, '2026-01-04', NULL, NULL, NULL, 54, NULL, 'выходной', '2026-06-30 09:02:09', '2026-06-30 09:02:09'),
(5, 29, '2026-01-05', '09:00:00', '18:00:00', NULL, 54, NULL, 'рабочий_день', '2026-06-30 09:02:09', '2026-06-30 09:02:09'),
(6, 29, '2026-01-06', '09:00:00', '18:00:00', NULL, 54, NULL, 'рабочий_день', '2026-06-30 09:02:09', '2026-06-30 09:02:09'),
(7, 29, '2026-01-07', '09:00:00', '18:00:00', NULL, 54, NULL, 'рабочий_день', '2026-06-30 09:02:09', '2026-06-30 09:02:09'),
(8, 29, '2026-01-08', '09:00:00', '18:00:00', NULL, 54, NULL, 'рабочий_день', '2026-06-30 09:02:09', '2026-06-30 09:02:09'),
(9, 29, '2026-01-09', '09:00:00', '18:00:00', NULL, 54, NULL, 'рабочий_день', '2026-06-30 09:02:09', '2026-06-30 09:02:09'),
(10, 29, '2026-01-10', '09:00:00', '18:00:00', NULL, 54, NULL, 'рабочий_день', '2026-06-30 09:02:09', '2026-06-30 09:02:09'),
(11, 29, '2026-01-11', NULL, NULL, NULL, 54, NULL, 'выходной', '2026-06-30 09:02:09', '2026-06-30 09:02:09'),
(12, 29, '2026-01-12', '09:00:00', '18:00:00', NULL, 54, NULL, 'рабочий_день', '2026-06-30 09:02:09', '2026-06-30 09:02:09'),
(13, 29, '2026-01-13', '09:00:00', '18:00:00', NULL, 54, NULL, 'рабочий_день', '2026-06-30 09:02:09', '2026-06-30 09:02:09'),
(14, 29, '2026-01-14', '09:00:00', '18:00:00', NULL, 54, NULL, 'рабочий_день', '2026-06-30 09:02:09', '2026-06-30 09:02:09'),
(15, 29, '2026-01-15', '09:00:00', '18:00:00', NULL, 54, NULL, 'рабочий_день', '2026-06-30 09:02:09', '2026-06-30 09:02:09'),
(16, 29, '2026-01-16', '09:00:00', '18:00:00', NULL, 54, NULL, 'рабочий_день', '2026-06-30 09:02:09', '2026-06-30 09:02:09'),
(17, 29, '2026-01-17', '09:00:00', '18:00:00', NULL, 54, NULL, 'рабочий_день', '2026-06-30 09:02:09', '2026-06-30 09:02:09'),
(18, 29, '2026-01-18', NULL, NULL, NULL, 54, NULL, 'выходной', '2026-06-30 09:02:09', '2026-06-30 09:02:09'),
(19, 29, '2026-01-19', '09:00:00', '18:00:00', NULL, 54, NULL, 'рабочий_день', '2026-06-30 09:02:09', '2026-06-30 09:02:09'),
(20, 29, '2026-01-20', '09:00:00', '18:00:00', NULL, 54, NULL, 'рабочий_день', '2026-06-30 09:02:09', '2026-06-30 09:02:09'),
(21, 29, '2026-01-21', '09:00:00', '18:00:00', NULL, 54, NULL, 'рабочий_день', '2026-06-30 09:02:09', '2026-06-30 09:02:09'),
(22, 29, '2026-01-22', '09:00:00', '18:00:00', NULL, 54, NULL, 'рабочий_день', '2026-06-30 09:02:09', '2026-06-30 09:02:09'),
(23, 29, '2026-01-23', '09:00:00', '18:00:00', NULL, 54, NULL, 'рабочий_день', '2026-06-30 09:02:09', '2026-06-30 09:02:09'),
(24, 29, '2026-01-24', '09:00:00', '18:00:00', NULL, 54, NULL, 'рабочий_день', '2026-06-30 09:02:09', '2026-06-30 09:02:09'),
(25, 29, '2026-01-25', NULL, NULL, NULL, 54, NULL, 'выходной', '2026-06-30 09:02:09', '2026-06-30 09:02:09'),
(26, 29, '2026-01-26', '09:00:00', '18:00:00', NULL, 54, NULL, 'рабочий_день', '2026-06-30 09:02:09', '2026-06-30 09:02:09'),
(27, 29, '2026-01-27', '09:00:00', '18:00:00', NULL, 54, NULL, 'рабочий_день', '2026-06-30 09:02:09', '2026-06-30 09:02:09'),
(28, 29, '2026-01-28', '09:00:00', '18:00:00', NULL, 54, NULL, 'рабочий_день', '2026-06-30 09:02:09', '2026-06-30 09:02:09'),
(29, 29, '2026-01-29', '09:00:00', '18:00:00', NULL, 54, NULL, 'рабочий_день', '2026-06-30 09:02:09', '2026-06-30 09:02:09'),
(30, 29, '2026-01-30', '09:00:00', '18:00:00', NULL, 54, NULL, 'рабочий_день', '2026-06-30 09:02:09', '2026-06-30 09:02:09'),
(31, 29, '2026-01-31', '09:00:00', '18:00:00', NULL, 54, NULL, 'рабочий_день', '2026-06-30 09:02:09', '2026-06-30 09:02:09'),
(32, 29, '2026-02-01', NULL, NULL, NULL, 54, NULL, 'выходной', '2026-06-30 09:02:09', '2026-06-30 09:02:09'),
(33, 29, '2026-02-02', '09:00:00', '18:00:00', NULL, 54, NULL, 'рабочий_день', '2026-06-30 09:02:09', '2026-06-30 09:02:09'),
(34, 29, '2026-02-03', '09:00:00', '18:00:00', NULL, 54, NULL, 'рабочий_день', '2026-06-30 09:02:09', '2026-06-30 09:02:09'),
(35, 29, '2026-02-04', '09:00:00', '18:00:00', NULL, 54, NULL, 'рабочий_день', '2026-06-30 09:02:09', '2026-06-30 09:02:09'),
(36, 29, '2026-02-05', '09:00:00', '18:00:00', NULL, 54, NULL, 'рабочий_день', '2026-06-30 09:02:09', '2026-06-30 09:02:09'),
(37, 29, '2026-02-06', '09:00:00', '18:00:00', NULL, 54, NULL, 'рабочий_день', '2026-06-30 09:02:09', '2026-06-30 09:02:09'),
(38, 29, '2026-02-07', '09:00:00', '18:00:00', NULL, 54, NULL, 'рабочий_день', '2026-06-30 09:02:09', '2026-06-30 09:02:09'),
(39, 29, '2026-02-08', NULL, NULL, NULL, 54, NULL, 'выходной', '2026-06-30 09:02:09', '2026-06-30 09:02:09'),
(40, 29, '2026-02-09', '09:00:00', '18:00:00', NULL, 54, NULL, 'рабочий_день', '2026-06-30 09:02:09', '2026-06-30 09:02:09'),
(41, 29, '2026-02-10', '09:00:00', '18:00:00', NULL, 54, NULL, 'рабочий_день', '2026-06-30 09:02:09', '2026-06-30 09:02:09'),
(42, 29, '2026-02-11', '09:00:00', '18:00:00', NULL, 54, NULL, 'рабочий_день', '2026-06-30 09:02:09', '2026-06-30 09:02:09'),
(43, 29, '2026-02-12', '09:00:00', '18:00:00', NULL, 54, NULL, 'рабочий_день', '2026-06-30 09:02:09', '2026-06-30 09:02:09'),
(44, 29, '2026-02-13', '09:00:00', '18:00:00', NULL, 54, NULL, 'рабочий_день', '2026-06-30 09:02:09', '2026-06-30 09:02:09'),
(45, 29, '2026-02-14', '09:00:00', '18:00:00', NULL, 54, NULL, 'рабочий_день', '2026-06-30 09:02:09', '2026-06-30 09:02:09'),
(46, 29, '2026-02-15', NULL, NULL, NULL, 54, NULL, 'выходной', '2026-06-30 09:02:09', '2026-06-30 09:02:09'),
(47, 29, '2026-02-16', '09:00:00', '18:00:00', NULL, 54, NULL, 'рабочий_день', '2026-06-30 09:02:09', '2026-06-30 09:02:09'),
(48, 29, '2026-02-17', '09:00:00', '18:00:00', NULL, 54, NULL, 'рабочий_день', '2026-06-30 09:02:09', '2026-06-30 09:02:09'),
(49, 29, '2026-02-18', '09:00:00', '18:00:00', NULL, 54, NULL, 'рабочий_день', '2026-06-30 09:02:09', '2026-06-30 09:02:09'),
(50, 29, '2026-02-19', '09:00:00', '18:00:00', NULL, 54, NULL, 'рабочий_день', '2026-06-30 09:02:09', '2026-06-30 09:02:09'),
(51, 29, '2026-02-20', '09:00:00', '18:00:00', NULL, 54, NULL, 'рабочий_день', '2026-06-30 09:02:09', '2026-06-30 09:02:09'),
(52, 29, '2026-02-21', '09:00:00', '18:00:00', NULL, 54, NULL, 'рабочий_день', '2026-06-30 09:02:09', '2026-06-30 09:02:09'),
(53, 29, '2026-02-22', NULL, NULL, NULL, 54, NULL, 'выходной', '2026-06-30 09:02:09', '2026-06-30 09:02:09'),
(54, 29, '2026-02-23', '09:00:00', '18:00:00', NULL, 54, NULL, 'рабочий_день', '2026-06-30 09:02:09', '2026-06-30 09:02:09'),
(55, 29, '2026-02-24', '09:00:00', '18:00:00', NULL, 54, NULL, 'рабочий_день', '2026-06-30 09:02:09', '2026-06-30 09:02:09'),
(56, 29, '2026-02-25', '09:00:00', '18:00:00', NULL, 54, NULL, 'рабочий_день', '2026-06-30 09:02:09', '2026-06-30 09:02:09'),
(57, 29, '2026-02-26', '09:00:00', '18:00:00', NULL, 54, NULL, 'рабочий_день', '2026-06-30 09:02:09', '2026-06-30 09:02:09'),
(58, 29, '2026-02-27', '09:00:00', '18:00:00', NULL, 54, NULL, 'рабочий_день', '2026-06-30 09:02:09', '2026-06-30 09:02:09'),
(59, 29, '2026-02-28', '09:00:00', '18:00:00', NULL, 54, NULL, 'рабочий_день', '2026-06-30 09:02:09', '2026-06-30 09:02:09'),
(60, 29, '2026-03-01', NULL, NULL, NULL, 54, NULL, 'выходной', '2026-06-30 09:02:09', '2026-06-30 09:02:09'),
(61, 29, '2026-03-02', '09:00:00', '18:00:00', NULL, 54, NULL, 'рабочий_день', '2026-06-30 09:02:09', '2026-06-30 09:02:09'),
(62, 29, '2026-03-03', '09:00:00', '18:00:00', NULL, 54, NULL, 'рабочий_день', '2026-06-30 09:02:09', '2026-06-30 09:02:09'),
(63, 29, '2026-03-04', '09:00:00', '18:00:00', NULL, 54, NULL, 'рабочий_день', '2026-06-30 09:02:09', '2026-06-30 09:02:09'),
(64, 29, '2026-03-05', '09:00:00', '18:00:00', NULL, 54, NULL, 'рабочий_день', '2026-06-30 09:02:09', '2026-06-30 09:02:09'),
(65, 29, '2026-03-06', '09:00:00', '18:00:00', NULL, 54, NULL, 'рабочий_день', '2026-06-30 09:02:09', '2026-06-30 09:02:09'),
(66, 29, '2026-03-07', '09:00:00', '18:00:00', NULL, 54, NULL, 'рабочий_день', '2026-06-30 09:02:09', '2026-06-30 09:02:09'),
(67, 29, '2026-03-08', NULL, NULL, NULL, 54, NULL, 'выходной', '2026-06-30 09:02:09', '2026-06-30 09:02:09'),
(68, 29, '2026-03-09', '09:00:00', '18:00:00', NULL, 54, NULL, 'рабочий_день', '2026-06-30 09:02:09', '2026-06-30 09:02:09'),
(69, 29, '2026-03-10', '09:00:00', '18:00:00', NULL, 54, NULL, 'рабочий_день', '2026-06-30 09:02:09', '2026-06-30 09:02:09'),
(70, 29, '2026-03-11', '09:00:00', '18:00:00', NULL, 54, NULL, 'рабочий_день', '2026-06-30 09:02:09', '2026-06-30 09:02:09'),
(71, 29, '2026-03-12', '09:00:00', '18:00:00', NULL, 54, NULL, 'рабочий_день', '2026-06-30 09:02:09', '2026-06-30 09:02:09'),
(72, 29, '2026-03-13', '09:00:00', '18:00:00', NULL, 54, NULL, 'рабочий_день', '2026-06-30 09:02:09', '2026-06-30 09:02:09'),
(73, 29, '2026-03-14', '09:00:00', '18:00:00', NULL, 54, NULL, 'рабочий_день', '2026-06-30 09:02:09', '2026-06-30 09:02:09'),
(74, 29, '2026-03-15', NULL, NULL, NULL, 54, NULL, 'выходной', '2026-06-30 09:02:09', '2026-06-30 09:02:09'),
(75, 29, '2026-03-16', '09:00:00', '18:00:00', NULL, 54, NULL, 'рабочий_день', '2026-06-30 09:02:09', '2026-06-30 09:02:09'),
(76, 29, '2026-03-17', '09:00:00', '18:00:00', NULL, 54, NULL, 'рабочий_день', '2026-06-30 09:02:09', '2026-06-30 09:02:09'),
(77, 29, '2026-03-18', '09:00:00', '18:00:00', NULL, 54, NULL, 'рабочий_день', '2026-06-30 09:02:09', '2026-06-30 09:02:09'),
(78, 29, '2026-03-19', '09:00:00', '18:00:00', NULL, 54, NULL, 'рабочий_день', '2026-06-30 09:02:09', '2026-06-30 09:02:09'),
(79, 29, '2026-03-20', '09:00:00', '18:00:00', NULL, 54, NULL, 'рабочий_день', '2026-06-30 09:02:09', '2026-06-30 09:02:09'),
(80, 29, '2026-03-21', '09:00:00', '18:00:00', NULL, 54, NULL, 'рабочий_день', '2026-06-30 09:02:09', '2026-06-30 09:02:09'),
(81, 29, '2026-03-22', NULL, NULL, NULL, 54, NULL, 'выходной', '2026-06-30 09:02:09', '2026-06-30 09:02:09'),
(82, 29, '2026-03-23', '09:00:00', '18:00:00', NULL, 54, NULL, 'рабочий_день', '2026-06-30 09:02:09', '2026-06-30 09:02:09'),
(83, 29, '2026-03-24', '09:00:00', '18:00:00', NULL, 54, NULL, 'рабочий_день', '2026-06-30 09:02:09', '2026-06-30 09:02:09'),
(84, 29, '2026-03-25', '09:00:00', '18:00:00', NULL, 54, NULL, 'рабочий_день', '2026-06-30 09:02:09', '2026-06-30 09:02:09'),
(85, 29, '2026-03-26', '09:00:00', '18:00:00', NULL, 54, NULL, 'рабочий_день', '2026-06-30 09:02:09', '2026-06-30 09:02:09'),
(86, 29, '2026-03-27', '09:00:00', '18:00:00', NULL, 54, NULL, 'рабочий_день', '2026-06-30 09:02:09', '2026-06-30 09:02:09'),
(87, 29, '2026-03-28', '09:00:00', '18:00:00', NULL, 54, NULL, 'рабочий_день', '2026-06-30 09:02:09', '2026-06-30 09:02:09'),
(88, 29, '2026-03-29', NULL, NULL, NULL, 54, NULL, 'выходной', '2026-06-30 09:02:09', '2026-06-30 09:02:09'),
(89, 29, '2026-03-30', '09:00:00', '18:00:00', NULL, 54, NULL, 'рабочий_день', '2026-06-30 09:02:09', '2026-06-30 09:02:09'),
(90, 29, '2026-03-31', '09:00:00', '18:00:00', NULL, 54, NULL, 'рабочий_день', '2026-06-30 09:02:09', '2026-06-30 09:02:09'),
(91, 29, '2026-04-01', '09:00:00', '18:00:00', NULL, 54, NULL, 'рабочий_день', '2026-06-30 09:02:09', '2026-06-30 09:02:09'),
(92, 29, '2026-04-02', '09:00:00', '18:00:00', NULL, 54, NULL, 'рабочий_день', '2026-06-30 09:02:09', '2026-06-30 09:02:09'),
(93, 29, '2026-04-03', '09:00:00', '18:00:00', NULL, 54, NULL, 'рабочий_день', '2026-06-30 09:02:09', '2026-06-30 09:02:09'),
(94, 29, '2026-04-04', '09:00:00', '18:00:00', NULL, 54, NULL, 'рабочий_день', '2026-06-30 09:02:09', '2026-06-30 09:02:09'),
(95, 29, '2026-04-05', NULL, NULL, NULL, 54, NULL, 'выходной', '2026-06-30 09:02:09', '2026-06-30 09:02:09'),
(96, 29, '2026-04-06', '09:00:00', '18:00:00', NULL, 54, NULL, 'рабочий_день', '2026-06-30 09:02:09', '2026-06-30 09:02:09'),
(97, 29, '2026-04-07', '09:00:00', '18:00:00', NULL, 54, NULL, 'рабочий_день', '2026-06-30 09:02:09', '2026-06-30 09:02:09'),
(98, 29, '2026-04-08', '09:00:00', '18:00:00', NULL, 54, NULL, 'рабочий_день', '2026-06-30 09:02:09', '2026-06-30 09:02:09'),
(99, 29, '2026-04-09', '09:00:00', '18:00:00', NULL, 54, NULL, 'рабочий_день', '2026-06-30 09:02:09', '2026-06-30 09:02:09'),
(100, 29, '2026-04-10', '09:00:00', '18:00:00', NULL, 54, NULL, 'рабочий_день', '2026-06-30 09:02:09', '2026-06-30 09:02:09'),
(101, 29, '2026-04-11', '09:00:00', '18:00:00', NULL, 54, NULL, 'рабочий_день', '2026-06-30 09:02:09', '2026-06-30 09:02:09'),
(102, 29, '2026-04-12', NULL, NULL, NULL, 54, NULL, 'выходной', '2026-06-30 09:02:09', '2026-06-30 09:02:09'),
(103, 29, '2026-04-13', '09:00:00', '18:00:00', NULL, 54, NULL, 'рабочий_день', '2026-06-30 09:02:09', '2026-06-30 09:02:09'),
(104, 29, '2026-04-14', '09:00:00', '18:00:00', NULL, 54, NULL, 'рабочий_день', '2026-06-30 09:02:09', '2026-06-30 09:02:09'),
(105, 29, '2026-04-15', '09:00:00', '18:00:00', NULL, 54, NULL, 'рабочий_день', '2026-06-30 09:02:09', '2026-06-30 09:02:09'),
(106, 29, '2026-04-16', '09:00:00', '18:00:00', NULL, 54, NULL, 'рабочий_день', '2026-06-30 09:02:09', '2026-06-30 09:02:09'),
(107, 29, '2026-04-17', '09:00:00', '18:00:00', NULL, 54, NULL, 'рабочий_день', '2026-06-30 09:02:09', '2026-06-30 09:02:09'),
(108, 29, '2026-04-18', '09:00:00', '18:00:00', NULL, 54, NULL, 'рабочий_день', '2026-06-30 09:02:09', '2026-06-30 09:02:09'),
(109, 29, '2026-04-19', NULL, NULL, NULL, 54, NULL, 'выходной', '2026-06-30 09:02:09', '2026-06-30 09:02:09'),
(110, 29, '2026-04-20', '09:00:00', '18:00:00', NULL, 54, NULL, 'рабочий_день', '2026-06-30 09:02:09', '2026-06-30 09:02:09'),
(111, 29, '2026-04-21', '09:00:00', '18:00:00', NULL, 54, NULL, 'рабочий_день', '2026-06-30 09:02:09', '2026-06-30 09:02:09'),
(112, 29, '2026-04-22', '09:00:00', '18:00:00', NULL, 54, NULL, 'рабочий_день', '2026-06-30 09:02:09', '2026-06-30 09:02:09'),
(113, 29, '2026-04-23', '09:00:00', '18:00:00', NULL, 54, NULL, 'рабочий_день', '2026-06-30 09:02:09', '2026-06-30 09:02:09'),
(114, 29, '2026-04-24', '09:00:00', '18:00:00', NULL, 54, NULL, 'рабочий_день', '2026-06-30 09:02:09', '2026-06-30 09:02:09'),
(115, 29, '2026-04-25', '09:00:00', '18:00:00', NULL, 54, NULL, 'рабочий_день', '2026-06-30 09:02:09', '2026-06-30 09:02:09'),
(116, 29, '2026-04-26', NULL, NULL, NULL, 54, NULL, 'выходной', '2026-06-30 09:02:09', '2026-06-30 09:02:09'),
(117, 29, '2026-04-27', '09:00:00', '18:00:00', NULL, 54, NULL, 'рабочий_день', '2026-06-30 09:02:09', '2026-06-30 09:02:09'),
(118, 29, '2026-04-28', '09:00:00', '18:00:00', NULL, 54, NULL, 'рабочий_день', '2026-06-30 09:02:09', '2026-06-30 09:02:09'),
(119, 29, '2026-04-29', '09:00:00', '18:00:00', NULL, 54, NULL, 'рабочий_день', '2026-06-30 09:02:09', '2026-06-30 09:02:09'),
(120, 29, '2026-04-30', '09:00:00', '18:00:00', NULL, 54, NULL, 'рабочий_день', '2026-06-30 09:02:09', '2026-06-30 09:02:09'),
(121, 29, '2026-05-01', '09:00:00', '18:00:00', NULL, 54, NULL, 'рабочий_день', '2026-06-30 09:02:09', '2026-06-30 09:02:09'),
(122, 29, '2026-05-02', '09:00:00', '18:00:00', NULL, 54, NULL, 'рабочий_день', '2026-06-30 09:02:09', '2026-06-30 09:02:09'),
(123, 29, '2026-05-03', NULL, NULL, NULL, 54, NULL, 'выходной', '2026-06-30 09:02:09', '2026-06-30 09:02:09'),
(124, 29, '2026-05-04', '09:00:00', '18:00:00', NULL, 54, NULL, 'рабочий_день', '2026-06-30 09:02:09', '2026-06-30 09:02:09'),
(125, 29, '2026-05-05', '09:00:00', '18:00:00', NULL, 54, NULL, 'рабочий_день', '2026-06-30 09:02:09', '2026-06-30 09:02:09'),
(126, 29, '2026-05-06', '09:00:00', '18:00:00', NULL, 54, NULL, 'рабочий_день', '2026-06-30 09:02:09', '2026-06-30 09:02:09'),
(127, 29, '2026-05-07', '09:00:00', '18:00:00', NULL, 54, NULL, 'рабочий_день', '2026-06-30 09:02:09', '2026-06-30 09:02:09'),
(128, 29, '2026-05-08', '09:00:00', '18:00:00', NULL, 54, NULL, 'рабочий_день', '2026-06-30 09:02:09', '2026-06-30 09:02:09'),
(129, 29, '2026-05-09', '09:00:00', '18:00:00', NULL, 54, NULL, 'рабочий_день', '2026-06-30 09:02:09', '2026-06-30 09:02:09'),
(130, 29, '2026-05-10', NULL, NULL, NULL, 54, NULL, 'выходной', '2026-06-30 09:02:09', '2026-06-30 09:02:09'),
(131, 29, '2026-05-11', '09:00:00', '18:00:00', NULL, 54, NULL, 'рабочий_день', '2026-06-30 09:02:09', '2026-06-30 09:02:09'),
(132, 29, '2026-05-12', '09:00:00', '18:00:00', NULL, 54, NULL, 'рабочий_день', '2026-06-30 09:02:09', '2026-06-30 09:02:09'),
(133, 29, '2026-05-13', '09:00:00', '18:00:00', NULL, 54, NULL, 'рабочий_день', '2026-06-30 09:02:09', '2026-06-30 09:02:09'),
(134, 29, '2026-05-14', '09:00:00', '18:00:00', NULL, 54, NULL, 'рабочий_день', '2026-06-30 09:02:09', '2026-06-30 09:02:09'),
(135, 29, '2026-05-15', '09:00:00', '18:00:00', NULL, 54, NULL, 'рабочий_день', '2026-06-30 09:02:09', '2026-06-30 09:02:09'),
(136, 29, '2026-05-16', '09:00:00', '18:00:00', NULL, 54, NULL, 'рабочий_день', '2026-06-30 09:02:09', '2026-06-30 09:02:09'),
(137, 29, '2026-05-17', NULL, NULL, NULL, 54, NULL, 'выходной', '2026-06-30 09:02:09', '2026-06-30 09:02:09'),
(138, 29, '2026-05-18', '09:00:00', '18:00:00', NULL, 54, NULL, 'рабочий_день', '2026-06-30 09:02:09', '2026-06-30 09:02:09'),
(139, 29, '2026-05-19', '09:00:00', '18:00:00', NULL, 54, NULL, 'рабочий_день', '2026-06-30 09:02:09', '2026-06-30 09:02:09'),
(140, 29, '2026-05-20', '09:00:00', '18:00:00', NULL, 54, NULL, 'рабочий_день', '2026-06-30 09:02:09', '2026-06-30 09:02:09'),
(141, 29, '2026-05-21', '09:00:00', '18:00:00', NULL, 54, NULL, 'рабочий_день', '2026-06-30 09:02:09', '2026-06-30 09:02:09'),
(142, 29, '2026-05-22', '09:00:00', '18:00:00', NULL, 54, NULL, 'рабочий_день', '2026-06-30 09:02:09', '2026-06-30 09:02:09'),
(143, 29, '2026-05-23', '09:00:00', '18:00:00', NULL, 54, NULL, 'рабочий_день', '2026-06-30 09:02:09', '2026-06-30 09:02:09'),
(144, 29, '2026-05-24', NULL, NULL, NULL, 54, NULL, 'выходной', '2026-06-30 09:02:09', '2026-06-30 09:02:09'),
(145, 29, '2026-05-25', '09:00:00', '18:00:00', NULL, 54, NULL, 'рабочий_день', '2026-06-30 09:02:09', '2026-06-30 09:02:09'),
(146, 29, '2026-05-26', '09:00:00', '18:00:00', NULL, 54, NULL, 'рабочий_день', '2026-06-30 09:02:09', '2026-06-30 09:02:09'),
(147, 29, '2026-05-27', '09:00:00', '18:00:00', NULL, 54, NULL, 'рабочий_день', '2026-06-30 09:02:09', '2026-06-30 09:02:09'),
(148, 29, '2026-05-28', '09:00:00', '18:00:00', NULL, 54, NULL, 'рабочий_день', '2026-06-30 09:02:09', '2026-06-30 09:02:09'),
(149, 29, '2026-05-29', '09:00:00', '18:00:00', NULL, 54, NULL, 'рабочий_день', '2026-06-30 09:02:09', '2026-06-30 09:02:09'),
(150, 29, '2026-05-30', '09:00:00', '18:00:00', NULL, 54, NULL, 'рабочий_день', '2026-06-30 09:02:09', '2026-06-30 09:02:09'),
(151, 29, '2026-05-31', NULL, NULL, NULL, 54, NULL, 'выходной', '2026-06-30 09:02:09', '2026-06-30 09:02:09'),
(152, 29, '2026-06-01', '09:00:00', '18:00:00', NULL, 54, NULL, 'рабочий_день', '2026-06-30 09:02:09', '2026-06-30 09:02:09'),
(153, 29, '2026-06-02', '09:00:00', '18:00:00', NULL, 54, NULL, 'рабочий_день', '2026-06-30 09:02:09', '2026-06-30 09:02:09'),
(154, 29, '2026-06-03', '09:00:00', '18:00:00', NULL, 54, NULL, 'рабочий_день', '2026-06-30 09:02:09', '2026-06-30 09:02:09'),
(155, 29, '2026-06-04', '09:00:00', '18:00:00', NULL, 54, NULL, 'рабочий_день', '2026-06-30 09:02:09', '2026-06-30 09:02:09'),
(156, 29, '2026-06-05', '09:00:00', '18:00:00', NULL, 54, NULL, 'рабочий_день', '2026-06-30 09:02:09', '2026-06-30 09:02:09'),
(157, 29, '2026-06-06', '09:00:00', '18:00:00', NULL, 54, NULL, 'рабочий_день', '2026-06-30 09:02:09', '2026-06-30 09:02:09'),
(158, 29, '2026-06-07', NULL, NULL, NULL, 54, NULL, 'выходной', '2026-06-30 09:02:09', '2026-06-30 09:02:09'),
(159, 29, '2026-06-08', '09:00:00', '18:00:00', NULL, 54, NULL, 'рабочий_день', '2026-06-30 09:02:09', '2026-06-30 09:02:09'),
(160, 29, '2026-06-09', '09:00:00', '18:00:00', NULL, 54, NULL, 'рабочий_день', '2026-06-30 09:02:09', '2026-06-30 09:02:09'),
(161, 29, '2026-06-10', '09:00:00', '18:00:00', NULL, 54, NULL, 'рабочий_день', '2026-06-30 09:02:09', '2026-06-30 09:02:09'),
(162, 29, '2026-06-11', '09:00:00', '18:00:00', NULL, 54, NULL, 'рабочий_день', '2026-06-30 09:02:09', '2026-06-30 09:02:09'),
(163, 29, '2026-06-12', '09:00:00', '18:00:00', NULL, 54, NULL, 'рабочий_день', '2026-06-30 09:02:09', '2026-06-30 09:02:09'),
(164, 29, '2026-06-13', '09:00:00', '18:00:00', NULL, 54, NULL, 'рабочий_день', '2026-06-30 09:02:09', '2026-06-30 09:02:09'),
(165, 29, '2026-06-14', NULL, NULL, NULL, 54, NULL, 'выходной', '2026-06-30 09:02:09', '2026-06-30 09:02:09'),
(166, 29, '2026-06-15', '09:00:00', '18:00:00', NULL, 54, NULL, 'рабочий_день', '2026-06-30 09:02:09', '2026-06-30 09:02:09'),
(167, 29, '2026-06-16', '09:00:00', '18:00:00', NULL, 54, NULL, 'рабочий_день', '2026-06-30 09:02:09', '2026-06-30 09:02:09'),
(168, 29, '2026-06-17', '09:00:00', '18:00:00', NULL, 54, NULL, 'рабочий_день', '2026-06-30 09:02:09', '2026-06-30 09:02:09'),
(169, 29, '2026-06-18', '09:00:00', '18:00:00', NULL, 54, NULL, 'рабочий_день', '2026-06-30 09:02:09', '2026-06-30 09:02:09'),
(170, 29, '2026-06-19', '09:00:00', '18:00:00', NULL, 54, NULL, 'рабочий_день', '2026-06-30 09:02:09', '2026-06-30 09:02:09'),
(171, 29, '2026-06-20', '09:00:00', '18:00:00', NULL, 54, NULL, 'рабочий_день', '2026-06-30 09:02:09', '2026-06-30 09:02:09'),
(172, 29, '2026-06-21', NULL, NULL, NULL, 54, NULL, 'выходной', '2026-06-30 09:02:09', '2026-06-30 09:02:09'),
(173, 29, '2026-06-22', '09:00:00', '18:00:00', NULL, 54, NULL, 'рабочий_день', '2026-06-30 09:02:09', '2026-06-30 09:02:09'),
(174, 29, '2026-06-23', '09:00:00', '18:00:00', NULL, 54, NULL, 'рабочий_день', '2026-06-30 09:02:09', '2026-06-30 09:02:09'),
(175, 29, '2026-06-24', '09:00:00', '18:00:00', NULL, 54, NULL, 'рабочий_день', '2026-06-30 09:02:09', '2026-06-30 09:02:09'),
(176, 29, '2026-06-25', '09:00:00', '18:00:00', NULL, 54, NULL, 'рабочий_день', '2026-06-30 09:02:09', '2026-06-30 09:02:09'),
(177, 29, '2026-06-26', '09:00:00', '18:00:00', NULL, 54, NULL, 'рабочий_день', '2026-06-30 09:02:09', '2026-06-30 09:02:09'),
(178, 29, '2026-06-27', '09:00:00', '18:00:00', NULL, 54, NULL, 'рабочий_день', '2026-06-30 09:02:09', '2026-06-30 09:02:09'),
(179, 29, '2026-06-28', NULL, NULL, NULL, 54, NULL, 'выходной', '2026-06-30 09:02:09', '2026-06-30 09:02:09'),
(180, 29, '2026-06-29', '09:00:00', '18:00:00', NULL, 54, NULL, 'рабочий_день', '2026-06-30 09:02:09', '2026-06-30 09:02:09'),
(181, 29, '2026-06-30', '09:00:00', '18:00:00', NULL, 54, NULL, 'рабочий_день', '2026-06-30 09:02:09', '2026-06-30 09:02:09'),
(182, 29, '2026-07-01', '09:00:00', '18:00:00', NULL, 54, NULL, 'рабочий_день', '2026-06-30 09:02:09', '2026-06-30 09:02:09'),
(183, 29, '2026-07-02', '09:00:00', '18:00:00', NULL, 54, NULL, 'рабочий_день', '2026-06-30 09:02:09', '2026-06-30 09:02:09'),
(184, 29, '2026-07-03', '09:00:00', '18:00:00', NULL, 54, NULL, 'рабочий_день', '2026-06-30 09:02:09', '2026-06-30 09:02:09'),
(185, 29, '2026-07-04', '09:00:00', '18:00:00', NULL, 54, NULL, 'рабочий_день', '2026-06-30 09:02:09', '2026-06-30 09:02:09'),
(186, 29, '2026-07-05', NULL, NULL, NULL, 54, NULL, 'выходной', '2026-06-30 09:02:09', '2026-06-30 09:02:09'),
(187, 29, '2026-07-06', '09:00:00', '18:00:00', NULL, 54, NULL, 'рабочий_день', '2026-06-30 09:02:09', '2026-06-30 09:02:09'),
(188, 29, '2026-07-07', '09:00:00', '18:00:00', NULL, 54, NULL, 'рабочий_день', '2026-06-30 09:02:09', '2026-06-30 09:02:09'),
(189, 29, '2026-07-08', '09:00:00', '18:00:00', NULL, 54, NULL, 'рабочий_день', '2026-06-30 09:02:09', '2026-06-30 09:02:09'),
(190, 29, '2026-07-09', '09:00:00', '18:00:00', NULL, 54, NULL, 'рабочий_день', '2026-06-30 09:02:09', '2026-06-30 09:02:09'),
(191, 29, '2026-07-10', '09:00:00', '18:00:00', NULL, 54, NULL, 'рабочий_день', '2026-06-30 09:02:09', '2026-06-30 09:02:09'),
(192, 29, '2026-07-11', '09:00:00', '18:00:00', NULL, 54, NULL, 'рабочий_день', '2026-06-30 09:02:09', '2026-06-30 09:02:09'),
(193, 29, '2026-07-12', NULL, NULL, NULL, 54, NULL, 'выходной', '2026-06-30 09:02:09', '2026-06-30 09:02:09'),
(194, 29, '2026-07-13', '09:00:00', '18:00:00', NULL, 54, NULL, 'рабочий_день', '2026-06-30 09:02:09', '2026-06-30 09:02:09'),
(195, 29, '2026-07-14', '09:00:00', '18:00:00', NULL, 54, NULL, 'рабочий_день', '2026-06-30 09:02:09', '2026-06-30 09:02:09'),
(196, 29, '2026-07-15', '09:00:00', '18:00:00', NULL, 54, NULL, 'рабочий_день', '2026-06-30 09:02:09', '2026-06-30 09:02:09'),
(197, 29, '2026-07-16', '09:00:00', '18:00:00', NULL, 54, NULL, 'рабочий_день', '2026-06-30 09:02:09', '2026-06-30 09:02:09'),
(198, 29, '2026-07-17', '09:00:00', '18:00:00', NULL, 54, NULL, 'рабочий_день', '2026-06-30 09:02:09', '2026-06-30 09:02:09'),
(199, 29, '2026-07-18', '09:00:00', '18:00:00', NULL, 54, NULL, 'рабочий_день', '2026-06-30 09:02:09', '2026-06-30 09:02:09'),
(200, 29, '2026-07-19', NULL, NULL, NULL, 54, NULL, 'выходной', '2026-06-30 09:02:09', '2026-06-30 09:02:09'),
(201, 29, '2026-07-20', '09:00:00', '18:00:00', NULL, 54, NULL, 'рабочий_день', '2026-06-30 09:02:09', '2026-06-30 09:02:09'),
(202, 29, '2026-07-21', '09:00:00', '18:00:00', NULL, 54, NULL, 'рабочий_день', '2026-06-30 09:02:09', '2026-06-30 09:02:09'),
(203, 29, '2026-07-22', '09:00:00', '18:00:00', NULL, 54, NULL, 'рабочий_день', '2026-06-30 09:02:09', '2026-06-30 09:02:09'),
(204, 29, '2026-07-23', '09:00:00', '18:00:00', NULL, 54, NULL, 'рабочий_день', '2026-06-30 09:02:09', '2026-06-30 09:02:09'),
(205, 29, '2026-07-24', '09:00:00', '18:00:00', NULL, 54, NULL, 'рабочий_день', '2026-06-30 09:02:09', '2026-06-30 09:02:09'),
(206, 29, '2026-07-25', '09:00:00', '18:00:00', NULL, 54, NULL, 'рабочий_день', '2026-06-30 09:02:09', '2026-06-30 09:02:09'),
(207, 29, '2026-07-26', NULL, NULL, NULL, 54, NULL, 'выходной', '2026-06-30 09:02:09', '2026-06-30 09:02:09'),
(208, 29, '2026-07-27', '09:00:00', '18:00:00', NULL, 54, NULL, 'рабочий_день', '2026-06-30 09:02:09', '2026-06-30 09:02:09'),
(209, 29, '2026-07-28', '09:00:00', '18:00:00', NULL, 54, NULL, 'рабочий_день', '2026-06-30 09:02:09', '2026-06-30 09:02:09'),
(210, 29, '2026-07-29', '09:00:00', '18:00:00', NULL, 54, NULL, 'рабочий_день', '2026-06-30 09:02:09', '2026-06-30 09:02:09'),
(211, 29, '2026-07-30', '09:00:00', '18:00:00', NULL, 54, NULL, 'рабочий_день', '2026-06-30 09:02:09', '2026-06-30 09:02:09'),
(212, 29, '2026-07-31', '09:00:00', '18:00:00', NULL, 54, NULL, 'рабочий_день', '2026-06-30 09:02:09', '2026-06-30 09:02:09'),
(213, 29, '2026-08-01', '09:00:00', '18:00:00', NULL, 54, NULL, 'рабочий_день', '2026-06-30 09:02:09', '2026-06-30 09:02:09'),
(214, 29, '2026-08-02', NULL, NULL, NULL, 54, NULL, 'выходной', '2026-06-30 09:02:09', '2026-06-30 09:02:09'),
(215, 29, '2026-08-03', '09:00:00', '18:00:00', NULL, 54, NULL, 'рабочий_день', '2026-06-30 09:02:09', '2026-06-30 09:02:09'),
(216, 29, '2026-08-04', '09:00:00', '18:00:00', NULL, 54, NULL, 'рабочий_день', '2026-06-30 09:02:09', '2026-06-30 09:02:09'),
(217, 29, '2026-08-05', '09:00:00', '18:00:00', NULL, 54, NULL, 'рабочий_день', '2026-06-30 09:02:09', '2026-06-30 09:02:09'),
(218, 29, '2026-08-06', '09:00:00', '18:00:00', NULL, 54, NULL, 'рабочий_день', '2026-06-30 09:02:09', '2026-06-30 09:02:09'),
(219, 29, '2026-08-07', '09:00:00', '18:00:00', NULL, 54, NULL, 'рабочий_день', '2026-06-30 09:02:09', '2026-06-30 09:02:09'),
(220, 29, '2026-08-08', '09:00:00', '18:00:00', NULL, 54, NULL, 'рабочий_день', '2026-06-30 09:02:09', '2026-06-30 09:02:09'),
(221, 29, '2026-08-09', NULL, NULL, NULL, 54, NULL, 'выходной', '2026-06-30 09:02:09', '2026-06-30 09:02:09'),
(222, 29, '2026-08-10', '09:00:00', '18:00:00', NULL, 54, NULL, 'рабочий_день', '2026-06-30 09:02:09', '2026-06-30 09:02:09'),
(223, 29, '2026-08-11', '09:00:00', '18:00:00', NULL, 54, NULL, 'рабочий_день', '2026-06-30 09:02:09', '2026-06-30 09:02:09'),
(224, 29, '2026-08-12', '09:00:00', '18:00:00', NULL, 54, NULL, 'рабочий_день', '2026-06-30 09:02:09', '2026-06-30 09:02:09'),
(225, 29, '2026-08-13', '09:00:00', '18:00:00', NULL, 54, NULL, 'рабочий_день', '2026-06-30 09:02:09', '2026-06-30 09:02:09'),
(226, 29, '2026-08-14', '09:00:00', '18:00:00', NULL, 54, NULL, 'рабочий_день', '2026-06-30 09:02:09', '2026-06-30 09:02:09'),
(227, 29, '2026-08-15', '09:00:00', '18:00:00', NULL, 54, NULL, 'рабочий_день', '2026-06-30 09:02:10', '2026-06-30 09:02:10'),
(228, 29, '2026-08-16', NULL, NULL, NULL, 54, NULL, 'выходной', '2026-06-30 09:02:10', '2026-06-30 09:02:10'),
(229, 29, '2026-08-17', '09:00:00', '18:00:00', NULL, 54, NULL, 'рабочий_день', '2026-06-30 09:02:10', '2026-06-30 09:02:10'),
(230, 29, '2026-08-18', '09:00:00', '18:00:00', NULL, 54, NULL, 'рабочий_день', '2026-06-30 09:02:10', '2026-06-30 09:02:10'),
(231, 29, '2026-08-19', '09:00:00', '18:00:00', NULL, 54, NULL, 'рабочий_день', '2026-06-30 09:02:10', '2026-06-30 09:02:10'),
(232, 29, '2026-08-20', '09:00:00', '18:00:00', NULL, 54, NULL, 'рабочий_день', '2026-06-30 09:02:10', '2026-06-30 09:02:10'),
(233, 29, '2026-08-21', '09:00:00', '18:00:00', NULL, 54, NULL, 'рабочий_день', '2026-06-30 09:02:10', '2026-06-30 09:02:10'),
(234, 29, '2026-08-22', '09:00:00', '18:00:00', NULL, 54, NULL, 'рабочий_день', '2026-06-30 09:02:10', '2026-06-30 09:02:10'),
(235, 29, '2026-08-23', NULL, NULL, NULL, 54, NULL, 'выходной', '2026-06-30 09:02:10', '2026-06-30 09:02:10'),
(236, 29, '2026-08-24', '09:00:00', '18:00:00', NULL, 54, NULL, 'рабочий_день', '2026-06-30 09:02:10', '2026-06-30 09:02:10'),
(237, 29, '2026-08-25', '09:00:00', '18:00:00', NULL, 54, NULL, 'рабочий_день', '2026-06-30 09:02:10', '2026-06-30 09:02:10'),
(238, 29, '2026-08-26', '09:00:00', '18:00:00', NULL, 54, NULL, 'рабочий_день', '2026-06-30 09:02:10', '2026-06-30 09:02:10'),
(239, 29, '2026-08-27', '09:00:00', '18:00:00', NULL, 54, NULL, 'рабочий_день', '2026-06-30 09:02:10', '2026-06-30 09:02:10'),
(240, 29, '2026-08-28', '09:00:00', '18:00:00', NULL, 54, NULL, 'рабочий_день', '2026-06-30 09:02:10', '2026-06-30 09:02:10'),
(241, 29, '2026-08-29', '09:00:00', '18:00:00', NULL, 54, NULL, 'рабочий_день', '2026-06-30 09:02:10', '2026-06-30 09:02:10'),
(242, 29, '2026-08-30', NULL, NULL, NULL, 54, NULL, 'выходной', '2026-06-30 09:02:10', '2026-06-30 09:02:10'),
(243, 29, '2026-08-31', '09:00:00', '18:00:00', NULL, 54, NULL, 'рабочий_день', '2026-06-30 09:02:10', '2026-06-30 09:02:10'),
(244, 29, '2026-09-01', '09:00:00', '18:00:00', NULL, 54, NULL, 'рабочий_день', '2026-06-30 09:02:10', '2026-06-30 09:02:10'),
(245, 29, '2026-09-02', '09:00:00', '18:00:00', NULL, 54, NULL, 'рабочий_день', '2026-06-30 09:02:10', '2026-06-30 09:02:10'),
(246, 29, '2026-09-03', '09:00:00', '18:00:00', NULL, 54, NULL, 'рабочий_день', '2026-06-30 09:02:10', '2026-06-30 09:02:10'),
(247, 29, '2026-09-04', '09:00:00', '18:00:00', NULL, 54, NULL, 'рабочий_день', '2026-06-30 09:02:10', '2026-06-30 09:02:10'),
(248, 29, '2026-09-05', '09:00:00', '18:00:00', NULL, 54, NULL, 'рабочий_день', '2026-06-30 09:02:10', '2026-06-30 09:02:10'),
(249, 29, '2026-09-06', NULL, NULL, NULL, 54, NULL, 'выходной', '2026-06-30 09:02:10', '2026-06-30 09:02:10'),
(250, 29, '2026-09-07', '09:00:00', '18:00:00', NULL, 54, NULL, 'рабочий_день', '2026-06-30 09:02:10', '2026-06-30 09:02:10'),
(251, 29, '2026-09-08', '09:00:00', '18:00:00', NULL, 54, NULL, 'рабочий_день', '2026-06-30 09:02:10', '2026-06-30 09:02:10'),
(252, 29, '2026-09-09', '09:00:00', '18:00:00', NULL, 54, NULL, 'рабочий_день', '2026-06-30 09:02:10', '2026-06-30 09:02:10'),
(253, 29, '2026-09-10', '09:00:00', '18:00:00', NULL, 54, NULL, 'рабочий_день', '2026-06-30 09:02:10', '2026-06-30 09:02:10'),
(254, 29, '2026-09-11', '09:00:00', '18:00:00', NULL, 54, NULL, 'рабочий_день', '2026-06-30 09:02:10', '2026-06-30 09:02:10'),
(255, 29, '2026-09-12', '09:00:00', '18:00:00', NULL, 54, NULL, 'рабочий_день', '2026-06-30 09:02:10', '2026-06-30 09:02:10'),
(256, 29, '2026-09-13', NULL, NULL, NULL, 54, NULL, 'выходной', '2026-06-30 09:02:10', '2026-06-30 09:02:10'),
(257, 29, '2026-09-14', '09:00:00', '18:00:00', NULL, 54, NULL, 'рабочий_день', '2026-06-30 09:02:10', '2026-06-30 09:02:10'),
(258, 29, '2026-09-15', '09:00:00', '18:00:00', NULL, 54, NULL, 'рабочий_день', '2026-06-30 09:02:10', '2026-06-30 09:02:10'),
(259, 29, '2026-09-16', '09:00:00', '18:00:00', NULL, 54, NULL, 'рабочий_день', '2026-06-30 09:02:10', '2026-06-30 09:02:10'),
(260, 29, '2026-09-17', '09:00:00', '18:00:00', NULL, 54, NULL, 'рабочий_день', '2026-06-30 09:02:10', '2026-06-30 09:02:10'),
(261, 29, '2026-09-18', '09:00:00', '18:00:00', NULL, 54, NULL, 'рабочий_день', '2026-06-30 09:02:10', '2026-06-30 09:02:10'),
(262, 29, '2026-09-19', '09:00:00', '18:00:00', NULL, 54, NULL, 'рабочий_день', '2026-06-30 09:02:10', '2026-06-30 09:02:10'),
(263, 29, '2026-09-20', NULL, NULL, NULL, 54, NULL, 'выходной', '2026-06-30 09:02:10', '2026-06-30 09:02:10'),
(264, 29, '2026-09-21', '09:00:00', '18:00:00', NULL, 54, NULL, 'рабочий_день', '2026-06-30 09:02:10', '2026-06-30 09:02:10'),
(265, 29, '2026-09-22', '09:00:00', '18:00:00', NULL, 54, NULL, 'рабочий_день', '2026-06-30 09:02:10', '2026-06-30 09:02:10'),
(266, 29, '2026-09-23', '09:00:00', '18:00:00', NULL, 54, NULL, 'рабочий_день', '2026-06-30 09:02:10', '2026-06-30 09:02:10'),
(267, 29, '2026-09-24', '09:00:00', '18:00:00', NULL, 54, NULL, 'рабочий_день', '2026-06-30 09:02:10', '2026-06-30 09:02:10'),
(268, 29, '2026-09-25', '09:00:00', '18:00:00', NULL, 54, NULL, 'рабочий_день', '2026-06-30 09:02:10', '2026-06-30 09:02:10'),
(269, 29, '2026-09-26', '09:00:00', '18:00:00', NULL, 54, NULL, 'рабочий_день', '2026-06-30 09:02:10', '2026-06-30 09:02:10'),
(270, 29, '2026-09-27', NULL, NULL, NULL, 54, NULL, 'выходной', '2026-06-30 09:02:10', '2026-06-30 09:02:10'),
(271, 29, '2026-09-28', '09:00:00', '18:00:00', NULL, 54, NULL, 'рабочий_день', '2026-06-30 09:02:10', '2026-06-30 09:02:10'),
(272, 29, '2026-09-29', '09:00:00', '18:00:00', NULL, 54, NULL, 'рабочий_день', '2026-06-30 09:02:10', '2026-06-30 09:02:10'),
(273, 29, '2026-09-30', '09:00:00', '18:00:00', NULL, 54, NULL, 'рабочий_день', '2026-06-30 09:02:10', '2026-06-30 09:02:10'),
(274, 29, '2026-10-01', '09:00:00', '18:00:00', NULL, 54, NULL, 'рабочий_день', '2026-06-30 09:02:10', '2026-06-30 09:02:10'),
(275, 29, '2026-10-02', '09:00:00', '18:00:00', NULL, 54, NULL, 'рабочий_день', '2026-06-30 09:02:10', '2026-06-30 09:02:10'),
(276, 29, '2026-10-03', '09:00:00', '18:00:00', NULL, 54, NULL, 'рабочий_день', '2026-06-30 09:02:10', '2026-06-30 09:02:10'),
(277, 29, '2026-10-04', NULL, NULL, NULL, 54, NULL, 'выходной', '2026-06-30 09:02:10', '2026-06-30 09:02:10'),
(278, 29, '2026-10-05', '09:00:00', '18:00:00', NULL, 54, NULL, 'рабочий_день', '2026-06-30 09:02:10', '2026-06-30 09:02:10'),
(279, 29, '2026-10-06', '09:00:00', '18:00:00', NULL, 54, NULL, 'рабочий_день', '2026-06-30 09:02:10', '2026-06-30 09:02:10'),
(280, 29, '2026-10-07', '09:00:00', '18:00:00', NULL, 54, NULL, 'рабочий_день', '2026-06-30 09:02:10', '2026-06-30 09:02:10'),
(281, 29, '2026-10-08', '09:00:00', '18:00:00', NULL, 54, NULL, 'рабочий_день', '2026-06-30 09:02:10', '2026-06-30 09:02:10'),
(282, 29, '2026-10-09', '09:00:00', '18:00:00', NULL, 54, NULL, 'рабочий_день', '2026-06-30 09:02:10', '2026-06-30 09:02:10'),
(283, 29, '2026-10-10', '09:00:00', '18:00:00', NULL, 54, NULL, 'рабочий_день', '2026-06-30 09:02:10', '2026-06-30 09:02:10'),
(284, 29, '2026-10-11', NULL, NULL, NULL, 54, NULL, 'выходной', '2026-06-30 09:02:10', '2026-06-30 09:02:10'),
(285, 29, '2026-10-12', '09:00:00', '18:00:00', NULL, 54, NULL, 'рабочий_день', '2026-06-30 09:02:10', '2026-06-30 09:02:10'),
(286, 29, '2026-10-13', '09:00:00', '18:00:00', NULL, 54, NULL, 'рабочий_день', '2026-06-30 09:02:10', '2026-06-30 09:02:10'),
(287, 29, '2026-10-14', '09:00:00', '18:00:00', NULL, 54, NULL, 'рабочий_день', '2026-06-30 09:02:10', '2026-06-30 09:02:10'),
(288, 29, '2026-10-15', '09:00:00', '18:00:00', NULL, 54, NULL, 'рабочий_день', '2026-06-30 09:02:10', '2026-06-30 09:02:10'),
(289, 29, '2026-10-16', '09:00:00', '18:00:00', NULL, 54, NULL, 'рабочий_день', '2026-06-30 09:02:10', '2026-06-30 09:02:10'),
(290, 29, '2026-10-17', '09:00:00', '18:00:00', NULL, 54, NULL, 'рабочий_день', '2026-06-30 09:02:10', '2026-06-30 09:02:10'),
(291, 29, '2026-10-18', NULL, NULL, NULL, 54, NULL, 'выходной', '2026-06-30 09:02:10', '2026-06-30 09:02:10'),
(292, 29, '2026-10-19', '09:00:00', '18:00:00', NULL, 54, NULL, 'рабочий_день', '2026-06-30 09:02:10', '2026-06-30 09:02:10'),
(293, 29, '2026-10-20', '09:00:00', '18:00:00', NULL, 54, NULL, 'рабочий_день', '2026-06-30 09:02:10', '2026-06-30 09:02:10'),
(294, 29, '2026-10-21', '09:00:00', '18:00:00', NULL, 54, NULL, 'рабочий_день', '2026-06-30 09:02:10', '2026-06-30 09:02:10'),
(295, 29, '2026-10-22', '09:00:00', '18:00:00', NULL, 54, NULL, 'рабочий_день', '2026-06-30 09:02:10', '2026-06-30 09:02:10'),
(296, 29, '2026-10-23', '09:00:00', '18:00:00', NULL, 54, NULL, 'рабочий_день', '2026-06-30 09:02:10', '2026-06-30 09:02:10'),
(297, 29, '2026-10-24', '09:00:00', '18:00:00', NULL, 54, NULL, 'рабочий_день', '2026-06-30 09:02:10', '2026-06-30 09:02:10'),
(298, 29, '2026-10-25', NULL, NULL, NULL, 54, NULL, 'выходной', '2026-06-30 09:02:10', '2026-06-30 09:02:10'),
(299, 29, '2026-10-26', '09:00:00', '18:00:00', NULL, 54, NULL, 'рабочий_день', '2026-06-30 09:02:10', '2026-06-30 09:02:10'),
(300, 29, '2026-10-27', '09:00:00', '18:00:00', NULL, 54, NULL, 'рабочий_день', '2026-06-30 09:02:10', '2026-06-30 09:02:10'),
(301, 29, '2026-10-28', '09:00:00', '18:00:00', NULL, 54, NULL, 'рабочий_день', '2026-06-30 09:02:10', '2026-06-30 09:02:10'),
(302, 29, '2026-10-29', '09:00:00', '18:00:00', NULL, 54, NULL, 'рабочий_день', '2026-06-30 09:02:10', '2026-06-30 09:02:10'),
(303, 29, '2026-10-30', '09:00:00', '18:00:00', NULL, 54, NULL, 'рабочий_день', '2026-06-30 09:02:10', '2026-06-30 09:02:10'),
(304, 29, '2026-10-31', '09:00:00', '18:00:00', NULL, 54, NULL, 'рабочий_день', '2026-06-30 09:02:10', '2026-06-30 09:02:10'),
(305, 29, '2026-11-01', NULL, NULL, NULL, 54, NULL, 'выходной', '2026-06-30 09:02:10', '2026-06-30 09:02:10'),
(306, 29, '2026-11-02', '09:00:00', '18:00:00', NULL, 54, NULL, 'рабочий_день', '2026-06-30 09:02:10', '2026-06-30 09:02:10'),
(307, 29, '2026-11-03', '09:00:00', '18:00:00', NULL, 54, NULL, 'рабочий_день', '2026-06-30 09:02:10', '2026-06-30 09:02:10'),
(308, 29, '2026-11-04', '09:00:00', '18:00:00', NULL, 54, NULL, 'рабочий_день', '2026-06-30 09:02:10', '2026-06-30 09:02:10'),
(309, 29, '2026-11-05', '09:00:00', '18:00:00', NULL, 54, NULL, 'рабочий_день', '2026-06-30 09:02:10', '2026-06-30 09:02:10'),
(310, 29, '2026-11-06', '09:00:00', '18:00:00', NULL, 54, NULL, 'рабочий_день', '2026-06-30 09:02:10', '2026-06-30 09:02:10'),
(311, 29, '2026-11-07', '09:00:00', '18:00:00', NULL, 54, NULL, 'рабочий_день', '2026-06-30 09:02:10', '2026-06-30 09:02:10'),
(312, 29, '2026-11-08', NULL, NULL, NULL, 54, NULL, 'выходной', '2026-06-30 09:02:10', '2026-06-30 09:02:10'),
(313, 29, '2026-11-09', '09:00:00', '18:00:00', NULL, 54, NULL, 'рабочий_день', '2026-06-30 09:02:10', '2026-06-30 09:02:10'),
(314, 29, '2026-11-10', '09:00:00', '18:00:00', NULL, 54, NULL, 'рабочий_день', '2026-06-30 09:02:10', '2026-06-30 09:02:10'),
(315, 29, '2026-11-11', '09:00:00', '18:00:00', NULL, 54, NULL, 'рабочий_день', '2026-06-30 09:02:10', '2026-06-30 09:02:10'),
(316, 29, '2026-11-12', '09:00:00', '18:00:00', NULL, 54, NULL, 'рабочий_день', '2026-06-30 09:02:10', '2026-06-30 09:02:10'),
(317, 29, '2026-11-13', '09:00:00', '18:00:00', NULL, 54, NULL, 'рабочий_день', '2026-06-30 09:02:10', '2026-06-30 09:02:10'),
(318, 29, '2026-11-14', '09:00:00', '18:00:00', NULL, 54, NULL, 'рабочий_день', '2026-06-30 09:02:10', '2026-06-30 09:02:10'),
(319, 29, '2026-11-15', NULL, NULL, NULL, 54, NULL, 'выходной', '2026-06-30 09:02:10', '2026-06-30 09:02:10'),
(320, 29, '2026-11-16', '09:00:00', '18:00:00', NULL, 54, NULL, 'рабочий_день', '2026-06-30 09:02:10', '2026-06-30 09:02:10'),
(321, 29, '2026-11-17', '09:00:00', '18:00:00', NULL, 54, NULL, 'рабочий_день', '2026-06-30 09:02:10', '2026-06-30 09:02:10'),
(322, 29, '2026-11-18', '09:00:00', '18:00:00', NULL, 54, NULL, 'рабочий_день', '2026-06-30 09:02:10', '2026-06-30 09:02:10'),
(323, 29, '2026-11-19', '09:00:00', '18:00:00', NULL, 54, NULL, 'рабочий_день', '2026-06-30 09:02:10', '2026-06-30 09:02:10'),
(324, 29, '2026-11-20', '09:00:00', '18:00:00', NULL, 54, NULL, 'рабочий_день', '2026-06-30 09:02:10', '2026-06-30 09:02:10'),
(325, 29, '2026-11-21', '09:00:00', '18:00:00', NULL, 54, NULL, 'рабочий_день', '2026-06-30 09:02:10', '2026-06-30 09:02:10'),
(326, 29, '2026-11-22', NULL, NULL, NULL, 54, NULL, 'выходной', '2026-06-30 09:02:10', '2026-06-30 09:02:10'),
(327, 29, '2026-11-23', '09:00:00', '18:00:00', NULL, 54, NULL, 'рабочий_день', '2026-06-30 09:02:10', '2026-06-30 09:02:10'),
(328, 29, '2026-11-24', '09:00:00', '18:00:00', NULL, 54, NULL, 'рабочий_день', '2026-06-30 09:02:10', '2026-06-30 09:02:10'),
(329, 29, '2026-11-25', '09:00:00', '18:00:00', NULL, 54, NULL, 'рабочий_день', '2026-06-30 09:02:10', '2026-06-30 09:02:10'),
(330, 29, '2026-11-26', '09:00:00', '18:00:00', NULL, 54, NULL, 'рабочий_день', '2026-06-30 09:02:10', '2026-06-30 09:02:10'),
(331, 29, '2026-11-27', '09:00:00', '18:00:00', NULL, 54, NULL, 'рабочий_день', '2026-06-30 09:02:10', '2026-06-30 09:02:10'),
(332, 29, '2026-11-28', '09:00:00', '18:00:00', NULL, 54, NULL, 'рабочий_день', '2026-06-30 09:02:10', '2026-06-30 09:02:10'),
(333, 29, '2026-11-29', NULL, NULL, NULL, 54, NULL, 'выходной', '2026-06-30 09:02:10', '2026-06-30 09:02:10'),
(334, 29, '2026-11-30', '09:00:00', '18:00:00', NULL, 54, NULL, 'рабочий_день', '2026-06-30 09:02:10', '2026-06-30 09:02:10'),
(335, 29, '2026-12-01', '09:00:00', '18:00:00', NULL, 54, NULL, 'рабочий_день', '2026-06-30 09:02:10', '2026-06-30 09:02:10'),
(336, 29, '2026-12-02', '09:00:00', '18:00:00', NULL, 54, NULL, 'рабочий_день', '2026-06-30 09:02:10', '2026-06-30 09:02:10'),
(337, 29, '2026-12-03', '09:00:00', '18:00:00', NULL, 54, NULL, 'рабочий_день', '2026-06-30 09:02:10', '2026-06-30 09:02:10'),
(338, 29, '2026-12-04', '09:00:00', '18:00:00', NULL, 54, NULL, 'рабочий_день', '2026-06-30 09:02:10', '2026-06-30 09:02:10'),
(339, 29, '2026-12-05', '09:00:00', '18:00:00', NULL, 54, NULL, 'рабочий_день', '2026-06-30 09:02:10', '2026-06-30 09:02:10'),
(340, 29, '2026-12-06', NULL, NULL, NULL, 54, NULL, 'выходной', '2026-06-30 09:02:10', '2026-06-30 09:02:10'),
(341, 29, '2026-12-07', '09:00:00', '18:00:00', NULL, 54, NULL, 'рабочий_день', '2026-06-30 09:02:10', '2026-06-30 09:02:10'),
(342, 29, '2026-12-08', '09:00:00', '18:00:00', NULL, 54, NULL, 'рабочий_день', '2026-06-30 09:02:10', '2026-06-30 09:02:10'),
(343, 29, '2026-12-09', '09:00:00', '18:00:00', NULL, 54, NULL, 'рабочий_день', '2026-06-30 09:02:10', '2026-06-30 09:02:10'),
(344, 29, '2026-12-10', '09:00:00', '18:00:00', NULL, 54, NULL, 'рабочий_день', '2026-06-30 09:02:10', '2026-06-30 09:02:10'),
(345, 29, '2026-12-11', '09:00:00', '18:00:00', NULL, 54, NULL, 'рабочий_день', '2026-06-30 09:02:10', '2026-06-30 09:02:10'),
(346, 29, '2026-12-12', '09:00:00', '18:00:00', NULL, 54, NULL, 'рабочий_день', '2026-06-30 09:02:10', '2026-06-30 09:02:10'),
(347, 29, '2026-12-13', NULL, NULL, NULL, 54, NULL, 'выходной', '2026-06-30 09:02:10', '2026-06-30 09:02:10'),
(348, 29, '2026-12-14', '09:00:00', '18:00:00', NULL, 54, NULL, 'рабочий_день', '2026-06-30 09:02:10', '2026-06-30 09:02:10'),
(349, 29, '2026-12-15', '09:00:00', '18:00:00', NULL, 54, NULL, 'рабочий_день', '2026-06-30 09:02:10', '2026-06-30 09:02:10'),
(350, 29, '2026-12-16', '09:00:00', '18:00:00', NULL, 54, NULL, 'рабочий_день', '2026-06-30 09:02:10', '2026-06-30 09:02:10'),
(351, 29, '2026-12-17', '09:00:00', '18:00:00', NULL, 54, NULL, 'рабочий_день', '2026-06-30 09:02:10', '2026-06-30 09:02:10'),
(352, 29, '2026-12-18', '09:00:00', '18:00:00', NULL, 54, NULL, 'рабочий_день', '2026-06-30 09:02:10', '2026-06-30 09:02:10'),
(353, 29, '2026-12-19', '09:00:00', '18:00:00', NULL, 54, NULL, 'рабочий_день', '2026-06-30 09:02:10', '2026-06-30 09:02:10'),
(354, 29, '2026-12-20', NULL, NULL, NULL, 54, NULL, 'выходной', '2026-06-30 09:02:10', '2026-06-30 09:02:10'),
(355, 29, '2026-12-21', '09:00:00', '18:00:00', NULL, 54, NULL, 'рабочий_день', '2026-06-30 09:02:10', '2026-06-30 09:02:10'),
(356, 29, '2026-12-22', '09:00:00', '18:00:00', NULL, 54, NULL, 'рабочий_день', '2026-06-30 09:02:10', '2026-06-30 09:02:10'),
(357, 29, '2026-12-23', '09:00:00', '18:00:00', NULL, 54, NULL, 'рабочий_день', '2026-06-30 09:02:10', '2026-06-30 09:02:10'),
(358, 29, '2026-12-24', '09:00:00', '18:00:00', NULL, 54, NULL, 'рабочий_день', '2026-06-30 09:02:10', '2026-06-30 09:02:10'),
(359, 29, '2026-12-25', '09:00:00', '18:00:00', NULL, 54, NULL, 'рабочий_день', '2026-06-30 09:02:10', '2026-06-30 09:02:10'),
(360, 29, '2026-12-26', '09:00:00', '18:00:00', NULL, 54, NULL, 'рабочий_день', '2026-06-30 09:02:10', '2026-06-30 09:02:10'),
(361, 29, '2026-12-27', NULL, NULL, NULL, 54, NULL, 'выходной', '2026-06-30 09:02:10', '2026-06-30 09:02:10'),
(362, 29, '2026-12-28', '09:00:00', '18:00:00', NULL, 54, NULL, 'рабочий_день', '2026-06-30 09:02:10', '2026-06-30 09:02:10'),
(363, 29, '2026-12-29', '09:00:00', '18:00:00', NULL, 54, NULL, 'рабочий_день', '2026-06-30 09:02:10', '2026-06-30 09:02:10'),
(364, 29, '2026-12-30', '09:00:00', '18:00:00', NULL, 54, NULL, 'рабочий_день', '2026-06-30 09:02:10', '2026-06-30 09:02:10'),
(365, 29, '2026-12-31', '09:00:00', '18:00:00', NULL, 54, NULL, 'рабочий_день', '2026-06-30 09:02:10', '2026-06-30 09:02:10');

--
-- Индексы сохранённых таблиц
--

--
-- Индексы таблицы `cache`
--
ALTER TABLE `cache`
  ADD PRIMARY KEY (`key`);

--
-- Индексы таблицы `cache_locks`
--
ALTER TABLE `cache_locks`
  ADD PRIMARY KEY (`key`);

--
-- Индексы таблицы `chief_types`
--
ALTER TABLE `chief_types`
  ADD PRIMARY KEY (`id`),
  ADD UNIQUE KEY `chief_types_name_unique` (`name`);

--
-- Индексы таблицы `children`
--
ALTER TABLE `children`
  ADD PRIMARY KEY (`id`),
  ADD KEY `children_person_id_foreign` (`person_id`);

--
-- Индексы таблицы `commissariats`
--
ALTER TABLE `commissariats`
  ADD PRIMARY KEY (`id`),
  ADD UNIQUE KEY `commissariats_name_unique` (`name`);

--
-- Индексы таблицы `commissariat_positions`
--
ALTER TABLE `commissariat_positions`
  ADD PRIMARY KEY (`id`),
  ADD KEY `commissariat_positions_commissariat_id_foreign` (`commissariat_id`),
  ADD KEY `commissariat_positions_department_id_foreign` (`department_id`),
  ADD KEY `commissariat_positions_division_id_foreign` (`division_id`),
  ADD KEY `commissariat_positions_position_id_foreign` (`position_id`);

--
-- Индексы таблицы `departments`
--
ALTER TABLE `departments`
  ADD PRIMARY KEY (`id`),
  ADD UNIQUE KEY `departments_name_commissariat_id_unique` (`name`,`commissariat_id`),
  ADD KEY `departments_commissariat_id_foreign` (`commissariat_id`);

--
-- Индексы таблицы `divisions`
--
ALTER TABLE `divisions`
  ADD PRIMARY KEY (`id`),
  ADD UNIQUE KEY `divisions_name_commissariat_id_unique` (`name`,`commissariat_id`),
  ADD KEY `divisions_commissariat_id_foreign` (`commissariat_id`),
  ADD KEY `divisions_department_id_foreign` (`department_id`);

--
-- Индексы таблицы `employees`
--
ALTER TABLE `employees`
  ADD PRIMARY KEY (`id`),
  ADD UNIQUE KEY `employees_user_id_unique` (`user_id`),
  ADD UNIQUE KEY `employees_person_id_unique` (`person_id`);

--
-- Индексы таблицы `employee_positions`
--
ALTER TABLE `employee_positions`
  ADD PRIMARY KEY (`id`),
  ADD KEY `employee_positions_employee_id_foreign` (`employee_id`),
  ADD KEY `employee_positions_commissariat_position_id_foreign` (`commissariat_position_id`),
  ADD KEY `employee_positions_employee_position_status_id_foreign` (`employee_position_status_id`);

--
-- Индексы таблицы `employee_position_statuses`
--
ALTER TABLE `employee_position_statuses`
  ADD PRIMARY KEY (`id`),
  ADD UNIQUE KEY `employee_position_statuses_name_unique` (`name`);

--
-- Индексы таблицы `migrations`
--
ALTER TABLE `migrations`
  ADD PRIMARY KEY (`id`);

--
-- Индексы таблицы `password_reset_tokens`
--
ALTER TABLE `password_reset_tokens`
  ADD PRIMARY KEY (`email`);

--
-- Индексы таблицы `persons`
--
ALTER TABLE `persons`
  ADD PRIMARY KEY (`id`);

--
-- Индексы таблицы `positions`
--
ALTER TABLE `positions`
  ADD PRIMARY KEY (`id`),
  ADD UNIQUE KEY `positions_name_unique` (`name`),
  ADD KEY `positions_position_type_id_foreign` (`position_type_id`),
  ADD KEY `positions_chief_type_id_foreign` (`chief_type_id`);

--
-- Индексы таблицы `position_types`
--
ALTER TABLE `position_types`
  ADD PRIMARY KEY (`id`),
  ADD UNIQUE KEY `position_types_name_unique` (`name`);

--
-- Индексы таблицы `roles`
--
ALTER TABLE `roles`
  ADD PRIMARY KEY (`id`),
  ADD UNIQUE KEY `roles_name_unique` (`name`);

--
-- Индексы таблицы `sessions`
--
ALTER TABLE `sessions`
  ADD PRIMARY KEY (`id`),
  ADD KEY `sessions_user_id_index` (`user_id`),
  ADD KEY `sessions_last_activity_index` (`last_activity`);

--
-- Индексы таблицы `subtasks`
--
ALTER TABLE `subtasks`
  ADD PRIMARY KEY (`id`),
  ADD KEY `subtasks_task_id_foreign` (`task_id`);

--
-- Индексы таблицы `tasks`
--
ALTER TABLE `tasks`
  ADD PRIMARY KEY (`id`),
  ADD KEY `tasks_employee_position_id_foreign` (`employee_position_id`);

--
-- Индексы таблицы `task_assignments`
--
ALTER TABLE `task_assignments`
  ADD PRIMARY KEY (`id`),
  ADD UNIQUE KEY `task_assignments_task_id_employee_id_unique` (`task_id`,`employee_id`),
  ADD KEY `task_assignments_employee_id_foreign` (`employee_id`);

--
-- Индексы таблицы `task_instances`
--
ALTER TABLE `task_instances`
  ADD PRIMARY KEY (`id`),
  ADD UNIQUE KEY `task_instances_task_id_date_unique` (`task_id`,`date`),
  ADD UNIQUE KEY `task_instances_assignment_id_date_unique` (`assignment_id`,`date`);

--
-- Индексы таблицы `users`
--
ALTER TABLE `users`
  ADD PRIMARY KEY (`id`),
  ADD UNIQUE KEY `users_login_unique` (`login`),
  ADD KEY `users_role_id_foreign` (`role_id`);

--
-- Индексы таблицы `work_days`
--
ALTER TABLE `work_days`
  ADD PRIMARY KEY (`id`),
  ADD UNIQUE KEY `work_days_employee_id_date_unique` (`employee_id`,`date`);

--
-- AUTO_INCREMENT для сохранённых таблиц
--

--
-- AUTO_INCREMENT для таблицы `chief_types`
--
ALTER TABLE `chief_types`
  MODIFY `id` bigint(20) UNSIGNED NOT NULL AUTO_INCREMENT, AUTO_INCREMENT=5;

--
-- AUTO_INCREMENT для таблицы `children`
--
ALTER TABLE `children`
  MODIFY `id` bigint(20) UNSIGNED NOT NULL AUTO_INCREMENT;

--
-- AUTO_INCREMENT для таблицы `commissariats`
--
ALTER TABLE `commissariats`
  MODIFY `id` bigint(20) UNSIGNED NOT NULL AUTO_INCREMENT, AUTO_INCREMENT=3;

--
-- AUTO_INCREMENT для таблицы `commissariat_positions`
--
ALTER TABLE `commissariat_positions`
  MODIFY `id` bigint(20) UNSIGNED NOT NULL AUTO_INCREMENT, AUTO_INCREMENT=61;

--
-- AUTO_INCREMENT для таблицы `departments`
--
ALTER TABLE `departments`
  MODIFY `id` bigint(20) UNSIGNED NOT NULL AUTO_INCREMENT, AUTO_INCREMENT=7;

--
-- AUTO_INCREMENT для таблицы `divisions`
--
ALTER TABLE `divisions`
  MODIFY `id` bigint(20) UNSIGNED NOT NULL AUTO_INCREMENT, AUTO_INCREMENT=17;

--
-- AUTO_INCREMENT для таблицы `employees`
--
ALTER TABLE `employees`
  MODIFY `id` bigint(20) UNSIGNED NOT NULL AUTO_INCREMENT, AUTO_INCREMENT=61;

--
-- AUTO_INCREMENT для таблицы `employee_positions`
--
ALTER TABLE `employee_positions`
  MODIFY `id` bigint(20) UNSIGNED NOT NULL AUTO_INCREMENT, AUTO_INCREMENT=61;

--
-- AUTO_INCREMENT для таблицы `employee_position_statuses`
--
ALTER TABLE `employee_position_statuses`
  MODIFY `id` bigint(20) UNSIGNED NOT NULL AUTO_INCREMENT, AUTO_INCREMENT=5;

--
-- AUTO_INCREMENT для таблицы `migrations`
--
ALTER TABLE `migrations`
  MODIFY `id` int(10) UNSIGNED NOT NULL AUTO_INCREMENT, AUTO_INCREMENT=10;

--
-- AUTO_INCREMENT для таблицы `persons`
--
ALTER TABLE `persons`
  MODIFY `id` bigint(20) UNSIGNED NOT NULL AUTO_INCREMENT, AUTO_INCREMENT=61;

--
-- AUTO_INCREMENT для таблицы `positions`
--
ALTER TABLE `positions`
  MODIFY `id` bigint(20) UNSIGNED NOT NULL AUTO_INCREMENT, AUTO_INCREMENT=61;

--
-- AUTO_INCREMENT для таблицы `position_types`
--
ALTER TABLE `position_types`
  MODIFY `id` bigint(20) UNSIGNED NOT NULL AUTO_INCREMENT, AUTO_INCREMENT=15;

--
-- AUTO_INCREMENT для таблицы `roles`
--
ALTER TABLE `roles`
  MODIFY `id` bigint(20) UNSIGNED NOT NULL AUTO_INCREMENT, AUTO_INCREMENT=3;

--
-- AUTO_INCREMENT для таблицы `subtasks`
--
ALTER TABLE `subtasks`
  MODIFY `id` bigint(20) UNSIGNED NOT NULL AUTO_INCREMENT, AUTO_INCREMENT=2;

--
-- AUTO_INCREMENT для таблицы `tasks`
--
ALTER TABLE `tasks`
  MODIFY `id` bigint(20) UNSIGNED NOT NULL AUTO_INCREMENT, AUTO_INCREMENT=2;

--
-- AUTO_INCREMENT для таблицы `task_assignments`
--
ALTER TABLE `task_assignments`
  MODIFY `id` bigint(20) UNSIGNED NOT NULL AUTO_INCREMENT, AUTO_INCREMENT=2;

--
-- AUTO_INCREMENT для таблицы `task_instances`
--
ALTER TABLE `task_instances`
  MODIFY `id` bigint(20) UNSIGNED NOT NULL AUTO_INCREMENT, AUTO_INCREMENT=4;

--
-- AUTO_INCREMENT для таблицы `users`
--
ALTER TABLE `users`
  MODIFY `id` bigint(20) UNSIGNED NOT NULL AUTO_INCREMENT, AUTO_INCREMENT=61;

--
-- AUTO_INCREMENT для таблицы `work_days`
--
ALTER TABLE `work_days`
  MODIFY `id` bigint(20) UNSIGNED NOT NULL AUTO_INCREMENT, AUTO_INCREMENT=366;

--
-- Ограничения внешнего ключа сохраненных таблиц
--

--
-- Ограничения внешнего ключа таблицы `children`
--
ALTER TABLE `children`
  ADD CONSTRAINT `children_person_id_foreign` FOREIGN KEY (`person_id`) REFERENCES `persons` (`id`) ON DELETE CASCADE;

--
-- Ограничения внешнего ключа таблицы `commissariat_positions`
--
ALTER TABLE `commissariat_positions`
  ADD CONSTRAINT `commissariat_positions_commissariat_id_foreign` FOREIGN KEY (`commissariat_id`) REFERENCES `commissariats` (`id`) ON DELETE CASCADE,
  ADD CONSTRAINT `commissariat_positions_department_id_foreign` FOREIGN KEY (`department_id`) REFERENCES `departments` (`id`) ON DELETE CASCADE,
  ADD CONSTRAINT `commissariat_positions_division_id_foreign` FOREIGN KEY (`division_id`) REFERENCES `divisions` (`id`) ON DELETE CASCADE,
  ADD CONSTRAINT `commissariat_positions_position_id_foreign` FOREIGN KEY (`position_id`) REFERENCES `positions` (`id`) ON DELETE CASCADE;

--
-- Ограничения внешнего ключа таблицы `departments`
--
ALTER TABLE `departments`
  ADD CONSTRAINT `departments_commissariat_id_foreign` FOREIGN KEY (`commissariat_id`) REFERENCES `commissariats` (`id`) ON DELETE CASCADE;

--
-- Ограничения внешнего ключа таблицы `divisions`
--
ALTER TABLE `divisions`
  ADD CONSTRAINT `divisions_commissariat_id_foreign` FOREIGN KEY (`commissariat_id`) REFERENCES `commissariats` (`id`) ON DELETE CASCADE,
  ADD CONSTRAINT `divisions_department_id_foreign` FOREIGN KEY (`department_id`) REFERENCES `departments` (`id`) ON DELETE CASCADE;

--
-- Ограничения внешнего ключа таблицы `employees`
--
ALTER TABLE `employees`
  ADD CONSTRAINT `employees_person_id_foreign` FOREIGN KEY (`person_id`) REFERENCES `persons` (`id`) ON DELETE SET NULL,
  ADD CONSTRAINT `employees_user_id_foreign` FOREIGN KEY (`user_id`) REFERENCES `users` (`id`) ON DELETE SET NULL;

--
-- Ограничения внешнего ключа таблицы `employee_positions`
--
ALTER TABLE `employee_positions`
  ADD CONSTRAINT `employee_positions_commissariat_position_id_foreign` FOREIGN KEY (`commissariat_position_id`) REFERENCES `commissariat_positions` (`id`) ON DELETE CASCADE,
  ADD CONSTRAINT `employee_positions_employee_id_foreign` FOREIGN KEY (`employee_id`) REFERENCES `employees` (`id`) ON DELETE CASCADE,
  ADD CONSTRAINT `employee_positions_employee_position_status_id_foreign` FOREIGN KEY (`employee_position_status_id`) REFERENCES `employee_position_statuses` (`id`) ON DELETE CASCADE;

--
-- Ограничения внешнего ключа таблицы `positions`
--
ALTER TABLE `positions`
  ADD CONSTRAINT `positions_chief_type_id_foreign` FOREIGN KEY (`chief_type_id`) REFERENCES `chief_types` (`id`) ON DELETE SET NULL,
  ADD CONSTRAINT `positions_position_type_id_foreign` FOREIGN KEY (`position_type_id`) REFERENCES `position_types` (`id`) ON DELETE SET NULL;

--
-- Ограничения внешнего ключа таблицы `subtasks`
--
ALTER TABLE `subtasks`
  ADD CONSTRAINT `subtasks_task_id_foreign` FOREIGN KEY (`task_id`) REFERENCES `tasks` (`id`) ON DELETE CASCADE;

--
-- Ограничения внешнего ключа таблицы `tasks`
--
ALTER TABLE `tasks`
  ADD CONSTRAINT `tasks_employee_position_id_foreign` FOREIGN KEY (`employee_position_id`) REFERENCES `employee_positions` (`id`) ON DELETE SET NULL;

--
-- Ограничения внешнего ключа таблицы `task_assignments`
--
ALTER TABLE `task_assignments`
  ADD CONSTRAINT `task_assignments_employee_id_foreign` FOREIGN KEY (`employee_id`) REFERENCES `employees` (`id`) ON DELETE CASCADE,
  ADD CONSTRAINT `task_assignments_task_id_foreign` FOREIGN KEY (`task_id`) REFERENCES `tasks` (`id`) ON DELETE CASCADE;

--
-- Ограничения внешнего ключа таблицы `task_instances`
--
ALTER TABLE `task_instances`
  ADD CONSTRAINT `task_instances_assignment_id_foreign` FOREIGN KEY (`assignment_id`) REFERENCES `task_assignments` (`id`) ON DELETE SET NULL,
  ADD CONSTRAINT `task_instances_task_id_foreign` FOREIGN KEY (`task_id`) REFERENCES `tasks` (`id`) ON DELETE CASCADE;

--
-- Ограничения внешнего ключа таблицы `users`
--
ALTER TABLE `users`
  ADD CONSTRAINT `users_role_id_foreign` FOREIGN KEY (`role_id`) REFERENCES `roles` (`id`) ON DELETE SET NULL;

--
-- Ограничения внешнего ключа таблицы `work_days`
--
ALTER TABLE `work_days`
  ADD CONSTRAINT `work_days_employee_id_foreign` FOREIGN KEY (`employee_id`) REFERENCES `employees` (`id`) ON DELETE CASCADE;
COMMIT;

/*!40101 SET CHARACTER_SET_CLIENT=@OLD_CHARACTER_SET_CLIENT */;
/*!40101 SET CHARACTER_SET_RESULTS=@OLD_CHARACTER_SET_RESULTS */;
/*!40101 SET COLLATION_CONNECTION=@OLD_COLLATION_CONNECTION */;
